id,Domain,Status,Attractiveness,Demand,Length,Registrar,Created,Expires
4394f1ab-3f54-43bd-8cec-7b1c1dd3f19d,service.academy,resell,70,34,7,"Spaceship, Inc.",07/07/2022 13:15,07/07/2026 13:15
c032f6e1-7002-4cbd-af74-0537b7f2f299,service.accountant,premium,70,34,7,,,
f12f58b6-26e7-4f04-9d62-da26db34095f,service.accountants,available,70,34,7,,,
36d7332a-7d4a-4caf-a257-88beabf4ff97,service.actor,available,70,34,7,,,
2bd1ffbf-583e-4bb6-860b-dfa4ed6f05e0,service.adult,premium,70,34,7,,,
a41c29c0-b65d-40b8-a12b-d9fd46ab4a12,service.airforce,resell,70,34,7,Cronon GmbH,19/05/2024 23:31,19/05/2026 23:31
bb0e4f83-9a90-4fa5-941d-cd7c57701e00,service.art,premium,70,34,7,,,
e06d4c9c-0f28-4bbb-93cc-2b8a6c3f014e,service.asia,resell,70,34,7,InterNetX GmbH,27/06/2008 07:04,27/06/2026 07:04
ef41ef29-cefa-4cb5-9fb7-07bdfc85e362,service.associates,premium,70,34,7,,,
bfea7755-9b55-4da6-8cfe-9c09e7d24801,service.at,sold,70,34,7,sourceheads Information Technology GmbH ( https://nic.at/registrar/181 ),,
4e7051a8-7b1d-4c2a-a933-eb2246d7b2d5,service.attorney,premium,70,34,7,,,
70fcae6b-42f0-46ba-b514-95d3c0e57ca6,service.auction,premium,70,34,7,,,
09e0a091-24af-4106-bcdd-9527b128aab4,service.auto,available,70,34,7,,,
1690c86f-586b-4b59-9b40-ab03ae56feed,service.autos,premium,70,34,7,,,
5e9eea33-4174-4ea6-b70f-6e576c282f75,service.baby,premium,70,34,7,,,
dde79cba-ff5f-4998-a664-1f30fe7f5959,service.bar,premium,70,34,7,,,
fbc3658f-f04d-47ef-b375-89ffce3c24a1,service.beauty,premium,70,34,7,,,
1a48d8e9-04df-4997-a1f6-9a39b79e6d42,service.berlin,premium,70,34,7,,,
9de92dc1-6022-4042-bf56-c4511828a18a,service.bid,resell,70,34,7,Dynadot Inc,28/10/2020 04:48,28/10/2026 04:48
c154bad7-23a1-4fd7-ab42-8f35c198217e,service.bingo,available,70,34,7,,,
6f0dd394-9392-4e19-8186-e791937db1d9,service.bio,resell,70,34,7,"Spaceship, Inc.",11/08/2022 13:15,11/08/2026 13:15
f99f564a-e895-4dd7-a0c5-cd7a4a64004b,service.black,resell,70,34,7,"Xiamen ChinaSource Internet Service Co., Ltd",05/08/2025 15:15,05/08/2026 15:15
c15995f8-2993-4ce2-ba08-2789399e3d78,service.blackfriday,available,70,34,7,,,
e61e7430-558e-426e-8bd6-a4fd71461fce,service.blog,premium,70,34,7,,,
855413ad-bad3-498e-9421-5aa2cedf123d,service.blue,resell,70,34,7,"Spaceship, Inc.",17/04/2021 14:30,17/04/2026 14:30
93ccff2b-4061-4510-8d5b-5ffae25ffc24,service.boats,premium,70,34,7,,,
e066af79-4c1c-431a-8615-eb8e329374be,service.bond,premium,70,34,7,,,
5f82ea0e-ec6f-4e77-84e6-9c92a69c1ed4,service.boo,premium,70,34,7,,,
32facb66-ce7b-4018-8188-13963255ae59,service.boston,expired,70,34,7,"GoDaddy.com, LLC",10/10/2017 16:00,10/10/2025 16:00
80d0f36a-e828-4c8c-9e1a-e83772dcf950,service.boutique,sold,70,34,7,"Spaceship, Inc.",10/10/2025 08:39,10/10/2026 08:39
8f198ca0-e56e-44fd-9a68-251c80d2ebeb,service.build,premium,70,34,7,,,
94c99a86-e77d-493a-8b5f-3358fe1ea7a2,service.builders,expiring,70,34,7,"GoDaddy.com, LLC",03/01/2020 14:49,03/01/2026 14:49
77982f2c-4b84-45bc-8f95-186eb60ab573,service.business,resell,70,34,7,Dynadot Inc,26/05/2020 08:44,26/05/2026 08:44
e3b0583d-4c3e-4e95-b1d5-52388ab8594a,service.buzz,premium,70,34,7,,,
36bfd9d0-20ed-4424-97fd-7f56a395e710,service.cab,premium,70,34,7,,,
5d99c7f6-ccc5-4292-8272-b7daf5b19732,service.cam,expired,70,34,7,"Spaceship, Inc.",06/10/2024 05:50,06/10/2025 23:59
1e1693b8-9fa5-4e09-8bdf-a479c469ddb4,service.camera,available,70,34,7,,,
609a8987-c197-4df8-a5c2-040bd481d99c,service.camp,premium,70,34,7,,,
4e73d548-7363-4065-ae15-bf0feddf4255,service.capital,resell,70,34,7,"Sav.com, LLC - 24",25/11/2021 13:15,25/11/2026 13:15
dd76adbf-b8f1-45f8-b51f-6fbc656e567a,service.car,available,70,34,7,,,
b639c47a-59c6-43f6-9d67-3733a48d819f,service.cards,sold,70,34,7,"Key-Systems, LLC",22/09/2023 07:47,22/09/2026 07:47
aae01c74-0315-4899-a211-b97245d232a1,service.care,resell,70,34,7,Dynadot Inc,19/10/2015 22:38,19/10/2026 22:38
3c8579da-0d2e-4eff-a5e9-47d445059f24,service.cars,available,70,34,7,,,
11c9503e-c299-48d8-9f76-422a07245b14,service.casa,premium,70,34,7,,,
36d0b7de-9f23-40ee-8550-b9f37d095ea5,service.cash,resell,70,34,7,"Xiamen ChinaSource Internet Service Co., Ltd",06/11/2022 13:15,06/11/2026 13:15
c3aea69c-d421-49c3-9ad6-2fa01d037b93,service.casino,resell,70,34,7,"Sav.com, LLC - 14",19/09/2025 15:15,19/09/2026 15:15
e3f153d2-b12c-4576-8290-7d0310453c05,service.catering,premium,70,34,7,,,
e70f2d23-4881-48fb-b822-b7b9fcd5d69f,service.center,resell,70,34,7,"Sav.com, LLC",13/09/2023 17:55,13/09/2026 17:55
d2d122c8-d261-4309-ad41-8cd38c8bf1f0,service.charity,available,70,34,7,,,
b497f1d4-0c60-48f5-bd8e-110c08c0761f,service.chat,resell,70,34,7,"Spaceship, Inc.",03/08/2024 15:15,03/08/2026 15:15
95f9bc2f-5e41-4a6f-8797-b20b3c8cccd8,service.christmas,available,70,34,7,,,
860a918e-9fab-4932-9473-28fa0f8ae6fd,service.claims,premium,70,34,7,,,
2489afb6-4ac1-427e-a9d0-31b249ba1eeb,service.cleaning,premium,70,34,7,,,
e70bcf90-cd00-42ec-b359-02f450bfeaad,service.cloud,premium,70,34,7,,,
895ed0ef-b250-49fd-aa01-17c50346f598,service.codes,expired,70,34,7,Dynadot Inc,30/06/2024 17:00,30/06/2025 17:00
153e50cd-7235-4d92-80b2-be0865d02682,service.college,premium,70,34,7,,,
73faee48-67f6-435a-acbc-f36211567cef,service.company,resell,70,34,7,Dynadot Inc,09/09/2017 02:31,09/09/2026 02:31
68090515-5e36-456a-ab4d-722d7404116e,service.computer,premium,70,34,7,,,
e32b95ca-6e40-4a84-b8c1-758f908aae1f,service.construction,resell,70,34,7,"Sav.com, LLC",27/01/2025 17:08,27/01/2026 17:08
4a42d542-75d0-4110-a550-02558c39c807,service.consulting,premium,70,34,7,,,
b272a78c-ef10-40bf-8b04-f13803f2546e,service.cooking,premium,70,34,7,,,
27ff5efa-33d0-49e9-99d5-c24464bbcd4e,service.country,premium,70,34,7,,,
0a13aa0e-c105-4853-96e0-c936e236e18c,service.coupons,premium,70,34,7,,,
dc5356e0-20c5-4df1-926c-655515278c8f,service.courses,premium,70,34,7,,,
693a5b19-4123-4ac4-9878-c5c3611bebba,service.creditcard,premium,70,34,7,,,
204f7952-37be-450a-be89-6f09da67c4df,service.cricket,premium,70,34,7,,,
47f45512-bb9b-47d7-ba01-b2d0378eb4d2,service.cruises,available,70,34,7,,,
5ab3d64e-cc5b-4009-9a82-0388376094e5,service.cv,premium,70,34,7,,,
7d7b95e9-ce3c-447b-97e4-5b0252163f19,service.cx,resell,70,34,7,West263 International Limited,23/07/2024 00:00,23/07/2026 23:56
f3937e6d-4def-4016-9552-a23b24f04d36,service.cyou,premium,70,34,7,,,
1e20054a-0b0b-415a-94cd-d9b2b5a15ffb,service.dad,premium,70,34,7,,,
a9473418-173c-4e37-923f-1a2fb1023f03,service.dance,available,70,34,7,,,
61782778-3465-4d95-932b-c6cc3a9a438f,service.date,premium,70,34,7,,,
1fd50ed2-79f2-4bd2-9dea-e85e3e78ec81,service.deal,premium,70,34,7,,,
53fe1c2f-d1bb-4974-a709-737724e48f3a,service.dealer,premium,70,34,7,,,
e930f56d-c67b-441f-8da1-e336eca9f89c,service.degree,available,70,34,7,,,
441abff2-5223-4eb4-828a-5d1fd85678ac,service.delivery,resell,70,34,7,"NameCheap, Inc.",11/03/2015 23:36,11/03/2026 23:36
eeed6168-5387-4430-9eb6-830433199da0,service.democrat,available,70,34,7,,,
231705e4-b90c-4990-9ddf-33f41c0cec34,service.dental,premium,70,34,7,,,
486c3a1a-4a72-4bff-99ef-e177a3ee20dd,service.dentist,available,70,34,7,,,
f9f36a3c-a530-4309-8bf1-1d99284d51b4,service.diamonds,premium,70,34,7,,,
1e81645f-bc89-4007-bdc1-f53ea4e79ed1,service.diet,available,70,34,7,,,
afb82688-820a-401d-8c41-cbcc5b2616fc,service.digital,resell,70,34,7,"GoDaddy.com, LLC",15/01/2019 11:16,15/01/2026 11:16
be63930b-eaa4-4484-ba49-c3c26edf73db,service.direct,resell,70,34,7,"Spaceship, Inc.",10/01/2024 15:15,10/01/2026 15:15
201fbc9a-7cb7-4ff4-a9c5-b2717d75a04b,service.directory,expiring,70,34,7,"NameCheap, Inc.",06/01/2024 18:55,06/01/2026 18:55
65044cf3-8dd1-462a-b5b0-8d2818ac68ae,service.discount,premium,70,34,7,,,
f51f6c73-897f-487e-a069-e32f6563c8bd,service.diy,premium,70,34,7,,,
dd832a62-2636-4c23-86ca-0a6adb08dd29,service.download,premium,70,34,7,,,
4ff5646b-740f-44d5-8620-81fedb248b17,service.email,resell,70,34,7,"DNSPod, Inc.",20/09/2024 15:15,20/09/2026 15:15
8ad131eb-9f5f-4cb3-80a9-5637397b6109,service.energy,expiring,70,34,7,"GoDaddy.com, LLC",21/12/2021 13:15,21/12/2025 13:15
86943a6f-e365-4cf2-bf49-16adb20cac4f,service.engineering,resell,70,34,7,"Sav.com, LLC - 38",21/11/2024 17:00,21/11/2026 17:00
950190fc-765f-4973-8274-773c1f79dfdf,service.equipment,expired,70,34,7,"Sav.com, LLC",21/10/2024 19:44,21/10/2025 19:44
80110d12-abc4-4bb6-9900-eba40c1ae949,service.esq,premium,70,34,7,,,
32c2c1dc-32ae-44cf-a90c-f68b68d18bd3,service.eu,premium,70,34,7,,,
486e30bf-7cd8-45e6-bb26-47e0aed32b27,service.events,resell,70,34,7,Dynadot Inc,10/07/2025 17:00,10/07/2026 17:00
642ece8c-4b28-4975-831c-71c330b9d64f,service.exchange,resell,70,34,7,"NameCheap, Inc.",19/09/2023 08:19,19/09/2026 08:19
d49ca436-19c4-4e02-a696-33fb0f73a27a,service.expert,sold,70,34,7,1API GmbH,15/07/2015 16:00,15/07/2026 16:00
06b1aa7f-bd05-4d2c-a43d-dd05c83fce3e,service.exposed,sold,70,34,7,"Cloudflare, Inc",09/10/2025 12:16,09/10/2026 12:16
2d8a263b-7fb1-4455-91e3-fb0910cc574b,service.faith,premium,70,34,7,,,
dbe320e6-20c7-470d-9e1e-b657a05eddc2,service.family,premium,70,34,7,,,
0c1a43fe-9cb0-425a-a5ac-686f9f4e0ee7,service.fans,premium,70,34,7,,,
75e4f44c-9884-4180-9afa-d7a98688f278,service.farm,expiring,70,34,7,Dreamscape Networks International Pte Ltd,04/01/2016 23:37,04/01/2026 23:37
cb552a95-6bcb-45b9-9012-9f6847feff73,service.fashion,available,70,34,7,,,
07c17b02-fc81-4279-a93f-34a3849e47ed,service.fast,premium,70,34,7,,,
002cc5be-236e-40d4-9eb0-7fdc5fa1f9c0,service.film,premium,70,34,7,,,
d7b72f9e-e5a5-4666-9cf3-592e823de4e0,service.finance,premium,70,34,7,,,
49780c55-16a7-4b0b-a5d5-68df6a92797e,service.fish,available,70,34,7,,,
ce871864-883a-4241-b509-d9ccb15d86c0,service.fishing,premium,70,34,7,,,
50f76136-7fc3-4564-b1c4-75052e4b7ecb,service.fitness,resell,70,34,7,"Sav.com, LLC",25/01/2024 18:00,25/01/2026 18:00
e42928a9-d4b9-4469-a6af-4158bbc8d3b0,service.flights,premium,70,34,7,,,
77813bcd-e1f8-435e-94f8-face132ad720,service.florist,available,70,34,7,,,
ab55691a-872f-44e6-bf7a-fae32a400db2,service.flowers,available,70,34,7,,,
fdd973f9-a2ed-4910-82dc-a79d53e8f52f,service.foo,premium,70,34,7,,,
929c43e2-58f8-491e-b9e8-800f90365b05,service.food,premium,70,34,7,,,
5203454b-544f-4655-9c6c-f84eb43bbf16,service.football,available,70,34,7,,,
d3bc51a7-2852-44a7-868c-6be85796bebc,service.forsale,premium,70,34,7,,,
f45ef0e4-a542-48d0-ab83-18c9bd645865,service.forum,premium,70,34,7,,,
b4e15a9c-0bda-4a45-8364-e261b7254144,service.foundation,resell,70,34,7,Dynadot Inc,29/08/2025 19:46,29/08/2026 19:46
c00f78b3-5019-4af9-afc7-2ddfba29f9fa,service.fun,premium,70,34,7,,,
dc3d7881-ac55-4d38-9d63-440d2d45826e,service.fund,resell,70,34,7,"DNSPod, Inc.",06/11/2024 15:15,06/11/2026 15:15
127e5dff-ddf7-41a6-b2e1-b2ad8c10fc6b,service.furniture,premium,70,34,7,,,
a74878fd-a5c5-4879-85df-017915386b1c,service.futbol,available,70,34,7,,,
819069ad-7da9-47d2-b67b-f62cb6c83de9,service.fyi,expiring,70,34,7,Porkbun LLC,22/12/2024 01:54,22/12/2025 01:54
cb97da65-8602-4616-be17-fae1f5b56371,service.gallery,expiring,70,34,7,"GoDaddy.com, LLC",03/01/2020 14:49,03/01/2026 14:49
b535c346-a959-4a69-b162-08adb74a45fb,service.game,premium,70,34,7,,,
13f02a73-1414-4537-9140-9a4d6e77fc38,service.games,resell,70,34,7,"DNSPod, Inc.",15/03/2021 15:59,15/03/2026 15:59
35e71f49-2290-4057-8af2-4aa766f886ae,service.garden,premium,70,34,7,,,
9ff6b6bc-9d34-4737-86ff-b44638801b60,service.gay,premium,70,34,7,,,
ba4ee848-6b30-4c38-8d8e-05eb4bc5a134,service.gg,sold,70,34,7,"Spaceship, Inc (https://www.spaceship.com)",,
2193dd19-f52b-4280-946e-eea9953f24b5,service.gift,available,70,34,7,,,
75027a08-fda6-46f7-8b53-98a04fae959d,service.gifts,premium,70,34,7,,,
76a508d5-afbb-4ccd-9d0d-82e14adcd99a,service.gives,available,70,34,7,,,
0b0a38e0-3779-420b-80cd-ca64689c6888,service.giving,available,70,34,7,,,
d57c24a7-a593-4067-b4d0-778622c00d0a,service.glass,available,70,34,7,,,
613590f3-5ec8-4950-8c7c-5a3a7b18ab94,service.global,premium,70,34,7,,,
ab065eb2-87c9-4f3e-816a-8274a8d06b6e,service.gmbh,expiring,70,34,7,"COREhub, S.R.L.",21/12/2017 11:47,21/12/2025 11:47
f7705fa3-bee6-480c-b1bb-b1561afb1f0a,service.gold,resell,70,34,7,"Chengdu West Dimension Digital Technology Co., Ltd.",14/10/2018 14:46,14/10/2026 14:46
01248e56-4007-4e94-a617-228b6e9430bd,service.graphics,available,70,34,7,,,
5c000184-79a8-415a-bd52-1b1a27c2b5d0,service.gratis,premium,70,34,7,,,
e5c09305-a91b-4030-93c8-5f790b4f6359,service.green,premium,70,34,7,,,
f2f8fd13-2e18-4bcd-bac3-637d7a9e1e61,service.gripe,available,70,34,7,,,
c56e292f-865c-462c-a69b-8773383c2b58,service.guitars,available,70,34,7,,,
c6e908df-b76a-4689-820b-7284c5860143,service.hair,premium,70,34,7,,,
3801502c-9d01-4f92-8884-a1fbd1ebefd8,service.health,premium,70,34,7,,,
2f79a9f1-da04-482e-a0b8-ad3d8d5ca950,service.healthcare,premium,70,34,7,,,
5f26f078-5e87-407b-9ec9-48aef89bbd80,service.hiphop,premium,70,34,7,,,
c4be3431-980d-439e-807a-c9bc697822d3,service.hiv,premium,70,34,7,,,
ab40a06a-f71b-4f0d-ad93-50bb79d87dd6,service.hockey,available,70,34,7,,,
5fe12024-5802-4cc5-93d5-6930f6c11e5d,service.holdings,available,70,34,7,,,
34b08ddf-7d3a-42cf-98de-9d09696d7ff9,service.holiday,available,70,34,7,,,
34040b26-ec21-4c9d-9395-287270927a9b,service.horse,available,70,34,7,,,
9b5ba8f2-0e22-4dd0-af1f-992d111c49d9,service.host,premium,70,34,7,,,
72cb3cee-6bad-47a3-9b3b-5d9510fbe31c,service.hosting,available,70,34,7,,,
5d8d5e6d-660e-4314-9b77-21ba2e64a8e1,service.hot,premium,70,34,7,,,
671c7ce4-af7c-47be-b018-ea088b300bdc,service.how,premium,70,34,7,,,
f3575aad-dc57-42c3-a133-2272778e6b05,service.icu,premium,70,34,7,,,
02983c78-79ee-4521-9703-88d7261333ea,service.im,premium,70,34,7,,,
8a9bc7bf-c1f4-4e4b-b657-6c20b303833a,service.immo,sold,70,34,7,united-domains GmbH,04/10/2022 08:17,04/10/2026 08:17
40cc9cdc-4f3f-48a2-b4c4-3e7e5a20d1ca,service.inc,premium,70,34,7,,,
3ce259f2-11ca-4b22-8e81-f4d5d56b440e,service.info,resell,70,34,7,Scaleway SAS,27/07/2001 19:26,27/07/2026 19:26
9c5f3b8b-bceb-4dc6-941a-dd44d889b385,service.ing,premium,70,34,7,,,
82e814f1-f5ac-4701-a07a-791ecd34bbe6,service.ink,resell,70,34,7,Alibaba Cloud Computing Ltd. d/b/a HiChina (www.net.cn),07/05/2019 19:12,07/05/2026 23:59
f6d035f0-5613-47d2-8b1c-a5844238ef01,service.institute,resell,70,34,7,"GoDaddy.com, LLC",19/06/2019 17:10,19/06/2026 17:10
2f73c229-8602-4002-b665-6ecbccb24643,service.international,resell,70,34,7,"Sav.com, LLC",30/08/2024 06:19,30/08/2026 06:19
6cb06017-7d0a-4c1e-8898-6de0ba0e0230,service.investments,premium,70,34,7,,,
fc1b820e-346f-46d7-b7ec-511f3aae2918,service.io,resell,70,34,7,Key-Systems GmbH,19/01/2005 20:58,19/01/2026 20:58
32ed0572-50e5-48d6-b524-936bcf2c7e0a,service.irish,available,70,34,7,,,
9012b961-f711-487a-8a63-9f6e73b02895,service.it,expiring,70,34,7,,17/12/2024 09:00,17/12/2025 00:00
91ce7296-31c5-4c1b-8a2d-cf5e8ede2224,service.jewelry,available,70,34,7,,,
01526ec3-82b3-4398-b42c-9e4bf3aa9306,service.juegos,available,70,34,7,,,
8d502cd1-94b8-4edf-ae8d-0826d0df218a,service.kaufen,sold,70,34,7,Cronon GmbH,11/09/2024 16:24,11/09/2026 16:24
1e6a2a62-6b8c-41ee-84a9-8d05b95e71a3,service.kids,premium,70,34,7,,,
3e9ce32d-0b65-4f4d-8eb6-9308e58631a1,service.kim,resell,70,34,7,"Sav.com, LLC - 10",28/08/2025 15:15,28/08/2026 15:15
93bf38df-ac26-46e1-9dea-6d2166fc1ea3,service.la,expiring,70,34,7,LA Domain Names,14/12/2018 21:24,14/12/2025 23:59
073e3992-8221-47fa-aaeb-2c7e8d9c9b27,service.lawyer,premium,70,34,7,,,
0971ddc8-0796-442f-ac48-9fec687295db,service.lgbt,premium,70,34,7,,,
251004e1-1ba8-4693-961e-3b04e83c987e,service.life,resell,70,34,7,"DNSPod, Inc.",17/09/2019 07:55,17/09/2026 07:55
9215e7d2-8417-4062-831f-fdf181fa1961,service.lifestyle,premium,70,34,7,,,
952fc31a-7f8d-4ba6-9abf-1cd443015aa8,service.lighting,available,70,34,7,,,
67a7785c-2a27-4969-bdec-6fabaf9a4624,service.live,resell,70,34,7,Porkbun LLC,22/06/2024 20:21,22/06/2026 20:21
4be31f00-e05e-471a-85f4-f52cac407dfb,service.living,premium,70,34,7,,,
4c88d51b-5f17-40ac-a99c-de8fd95c61f5,service.llc,premium,70,34,7,,,
142f7417-40fe-43aa-9330-61cd6f994857,service.loan,premium,70,34,7,,,
2c0c067b-2363-462b-a3a3-a3c4488927d7,service.locker,premium,70,34,7,,,
bcd00324-ddd4-4134-a2e6-2b2b24992c7d,service.love,resell,70,34,7,"Spaceship, Inc.",05/10/2019 06:58,05/10/2026 23:59
ec70549d-2afe-4f11-a3ae-960c3f8b299e,service.ltd,resell,70,34,7,Alibaba Cloud Computing Ltd. d/b/a HiChina (www.net.cn),21/06/2016 11:12,21/06/2026 11:12
ee599850-935a-4b1c-a07f-69a86d184fd6,service.ltda,premium,70,34,7,,,
83532900-3d57-4f76-ab09-2c14894e189f,service.luxe,resell,70,34,7,"GoDaddy.com, LLC",05/05/2021 13:05,05/05/2027 13:05
1102b8bf-76a9-4dfb-9cfd-a61233372da3,service.luxury,premium,70,34,7,,,
5f520ae6-c8a0-42ed-91bb-33f4273cb743,service.makeup,premium,70,34,7,,,
bf37c229-8676-419c-8829-0b4b0968b405,service.market,premium,70,34,7,,,
9d28d2e4-c880-423e-aae6-2f2f8458a724,service.marketing,resell,70,34,7,"GoDaddy.com, LLC",19/08/2015 16:11,19/08/2026 16:11
80b46d0d-c04d-4e88-9695-9c1f6c954571,service.media,resell,70,34,7,"Chengdu West Dimension Digital Technology Co., Ltd.",08/09/2018 10:20,08/09/2026 10:20
56447f5c-6b38-4e47-81b3-ffcc274c7ef5,service.melbourne,premium,70,34,7,,,
e44c700d-a351-46ad-9376-e6168f7bb3f8,service.meme,premium,70,34,7,,,
b67f66d3-eb56-4863-8284-69b9eb6df380,service.memorial,premium,70,34,7,,,
43b6e5a8-2d29-463e-9bb1-9d6e6fb7d7cd,service.men,premium,70,34,7,,,
20ea4bcc-9629-44b9-88e2-1d310b988fec,service.menu,premium,70,34,7,,,
a7e66a6c-cb15-4d6a-b78f-efd1e4e00287,service.miami,expiring,70,34,7,"GoDaddy.com, LLC",20/12/2021 13:55,20/12/2025 13:55
2db67faa-7a33-420f-96d3-307dd3789d78,service.mobi,resell,70,34,7,1API GmbH,11/05/2006 22:16,11/05/2027 22:16
da8857ad-6f4f-40f2-981a-ea0ec00db362,service.moda,available,70,34,7,,,
fa06222b-92ba-49e0-815a-3f1083f17e1d,service.moe,premium,70,34,7,,,
24119d40-42b0-44fd-b19c-c882db887e87,service.mom,premium,70,34,7,,,
b5123d4c-3b6e-4077-8534-81fd1ab722e4,service.monster,premium,70,34,7,,,
9bad55db-4537-4c79-8222-681af6a3f8db,service.mortgage,premium,70,34,7,,,
02b7b3a9-66aa-42cc-91bf-168e1c3fa64d,service.motorcycles,premium,70,34,7,,,
b6b37157-7afe-4e4f-9a1c-bd407bef730d,service.mov,premium,70,34,7,,,
2fd15def-a009-44b4-b5a3-44cafb0a8fe8,service.movie,available,70,34,7,,,
663d74e9-dcde-499b-91cc-b62eb02640fa,service.music,premium,70,34,7,,,
5dd6eaba-7d17-4910-bcaf-a1110df0a339,service.navy,available,70,34,7,,,
ee57d340-b80e-4235-b605-31f1545cdfe6,service.network,sold,70,34,7,Dynadot Inc,21/02/2019 06:14,21/02/2026 06:14
5e1eedcd-97a0-41bb-8ed5-b6342a633b02,service.news,premium,70,34,7,,,
946aa8b8-f390-46b0-b7e5-a18bb90351bc,service.nexus,premium,70,34,7,,,
b4eedfa0-a8b5-487d-9587-52346c2917d3,service.observer,premium,70,34,7,,,
e0f4a020-d271-4dbc-b15e-fb54a8958a66,service.online,premium,70,34,7,,,
d758a545-b510-437e-9fbb-eb8f49be36d6,service.osaka,premium,70,34,7,,,
b8736c37-f879-438c-9156-941ec38cf029,service.page,premium,70,34,7,,,
d7309606-5d74-4ca7-98eb-ff88c63e0a47,service.party,premium,70,34,7,,,
41a9ffc1-3350-4df9-89f6-8bd7d0022ea9,service.pet,premium,70,34,7,,,
f0ad0d61-ab7e-49cf-8cd5-723ad81611c0,service.phd,premium,70,34,7,,,
f2dfcb20-7366-44fe-a4b2-246829f2eefb,service.photo,premium,70,34,7,,,
b9d50752-6994-4e4a-a81a-35f81b77ef66,service.photography,available,70,34,7,,,
634c24c3-fc4f-483f-9aa3-08297f71c645,service.pics,available,70,34,7,,,
96204220-b4e4-4f3c-8f54-92d2c3895beb,service.pictures,available,70,34,7,,,
ef71ce46-0def-4cb8-b6b0-295aee4ad156,service.plumbing,premium,70,34,7,,,
e354c1a3-69a3-418b-8600-ce99fa2e6103,service.porn,premium,70,34,7,,,
0480c357-f8c2-4341-a648-a4e559c7f5d3,service.press,premium,70,34,7,,,
451eb6d8-afa6-4523-9ef4-39a0db180044,service.productions,premium,70,34,7,,,
c964c599-7578-4ffc-bf01-b805527b1e09,service.prof,premium,70,34,7,,,
314e60a1-fdb4-4236-8389-566633b51f37,service.promo,premium,70,34,7,,,
9f3f81ee-9517-4f14-9d4c-34a5ce75d8f8,service.properties,available,70,34,7,,,
559778bd-5be1-403c-8010-2aceac8686ec,service.property,premium,70,34,7,,,
f1ca4c2f-613b-4b23-aca3-1a5093858d42,service.protection,available,70,34,7,,,
60df281c-037c-4c2c-9ffd-f3efe3850ddf,service.pub,resell,70,34,7,"DNSPod, Inc.",15/04/2019 10:49,15/04/2026 10:49
804ad06e-5e4c-48ef-bcf8-857f274b59b5,service.pw,premium,70,34,7,,,
f2bcab8c-9d28-4671-ac60-12f1b4513384,service.qpon,premium,70,34,7,,,
3b71110a-55f3-4a95-b198-124080ad41ce,service.quest,premium,70,34,7,,,
cf944c3b-17bd-432c-babf-c60040154206,service.racing,premium,70,34,7,,,
203756da-f786-4a6d-9cf3-3de6a300f248,service.realty,available,70,34,7,,,
a167d9ba-a4e1-40b7-a81a-268867c2d95b,service.recipes,available,70,34,7,,,
362822f5-d695-4f84-a9ea-2ba86e18dc6d,service.red,resell,70,34,7,"Spaceship, Inc.",24/04/2019 11:04,24/04/2026 11:04
40e75149-27c0-4119-b1b1-d7c08aaea94c,service.rehab,premium,70,34,7,,,
a0267fb3-3a37-4cdf-8db4-2f95f4a6273c,service.reise,available,70,34,7,,,
8e10767a-d08b-421c-9a18-ccbc4ec05730,service.rent,premium,70,34,7,,,
d05fa476-7cc2-458e-8069-9e7e953b01d9,service.republican,available,70,34,7,,,
c9b57df9-f514-422a-a1ff-4c0610e6a5a7,service.rest,premium,70,34,7,,,
a67b18c7-d541-4e91-a69b-cd6f88407dfb,service.review,resell,70,34,7,"GoDaddy.com, LLC",01/11/2017 18:28,01/11/2026 18:28
cad80b1f-271e-4ed7-8929-dc7099e758cf,service.reviews,premium,70,34,7,,,
1d7b251e-ce05-4966-9348-3d93f2d1a3d7,service.rich,available,70,34,7,,,
ebb75543-e531-4875-b138-e96dbdf2d426,service.rodeo,available,70,34,7,,,
a0227a6c-5055-4691-a6b8-f45162d80a4c,service.rsvp,premium,70,34,7,,,
966993af-323e-4786-a544-bdcb31131a91,service.run,resell,70,34,7,Xin Net Technology Corporation,07/03/2019 08:20,07/03/2026 08:20
f0cc4f78-0b8e-4965-b29a-f14fe52afc6e,service.sale,premium,70,34,7,,,
93fd2fe5-2e26-445d-90bf-fd517a1dc5ae,service.sarl,premium,70,34,7,,,
36c0e0b4-dcbf-4f73-9f0b-517987e59473,service.sbs,premium,70,34,7,,,
40fcffa9-4356-498e-8375-e1145cdabfc6,service.school,sold,70,34,7,"GoDaddy.com, LLC",30/09/2020 19:27,30/09/2026 19:27
55cc1eef-732c-4de7-bb77-28e439e83999,service.science,premium,70,34,7,,,
6482db59-2382-4e49-a0fc-d5a98ac96602,service.security,available,70,34,7,,,
ff5f8c82-8540-4ad6-98fe-b90e5767c068,service.services,sold,70,34,7,1API GmbH,05/03/2020 02:44,05/03/2026 02:44
1f94e71a-1781-4fc3-9bd0-7d48d7ad92e1,service.sexy,available,70,34,7,,,
4418424d-82e5-4ee4-881e-3871485a0160,service.shiksha,premium,70,34,7,,,
12249fdd-b608-41a2-b2a4-7bf97226fe81,service.shoes,available,70,34,7,,,
5485b346-2db9-4c2b-af6b-8a3d92162977,service.shopping,sold,70,34,7,united-domains GmbH,30/09/2016 05:57,30/09/2026 05:57
07f9fccc-d0a7-4a77-8046-f011b8ec1e7e,service.show,resell,70,34,7,"DNSPod, Inc.",03/04/2018 05:13,03/04/2026 05:13
614af471-5f46-42e6-882b-f8aee770188d,service.site,premium,70,34,7,,,
4d918c05-064c-4680-b48d-7f7c248eab71,service.skin,premium,70,34,7,,,
13a9f7e5-0b6f-420d-b5d1-c6f9c6c99cc2,service.soccer,available,70,34,7,,,
e79106d5-aacf-4b93-bd95-66e9c78f6963,service.social,premium,70,34,7,,,
bfa77dbb-abe4-424e-a25e-aa5a697d9bdf,service.software,premium,70,34,7,,,
abb9deff-66f9-433c-bee7-57da17120e8c,service.solutions,resell,70,34,7,"Sav.com, LLC",24/06/2015 16:01,24/06/2026 16:01
f05e3d11-e1ab-4368-81fd-a505da0f4795,service.soy,premium,70,34,7,,,
1877ac2a-f13a-4623-98b1-240c554298e7,service.space,premium,70,34,7,,,
16ed892c-3888-4281-aa9e-32357bd59a3c,service.spot,premium,70,34,7,,,
aa8b17ea-e5ca-4419-ae09-5f48002c1aec,service.srl,available,70,34,7,,,
99c12a6e-dd97-4c0a-a69d-87eab409b4b2,service.storage,available,70,34,7,,,
f810f97c-ed33-427b-9233-56bd34ced41f,service.store,premium,70,34,7,,,
5136fc91-9fa8-4c94-9a74-889d7b5e8612,service.stream,premium,70,34,7,,,
1490ad62-a8a8-4910-b2e0-285f62ff9cca,service.study,premium,70,34,7,,,
306af536-5b3d-419f-b4f4-5e72c1573929,service.style,available,70,34,7,,,
904478b1-37b3-4bdf-adff-bcf8fe2108b0,service.sucks,premium,70,34,7,,,
c47ac544-ffd6-4a52-8b7c-3ddaf82ab3a4,service.supplies,resell,70,34,7,"Sav.com, LLC",25/11/2019 15:10,25/11/2026 15:10
2309051b-712b-4f5c-9b53-81b4bf84ef01,service.supply,resell,70,34,7,"Sav.com, LLC",26/11/2016 23:18,26/11/2026 23:18
e42fdfe0-e331-422c-a4f0-59acad00157b,service.surf,available,70,34,7,,,
70d57bb4-1235-4a9b-87a1-e80f0839018b,service.surgery,available,70,34,7,,,
f777cbfa-dace-4c3a-a357-55b4b15f01e4,service.sydney,premium,70,34,7,,,
9b494e1f-e7a0-4a87-85d3-07e00e9fd376,service.systems,resell,70,34,7,"Sav.com, LLC",25/08/2016 05:59,25/08/2026 05:59
d348f27b-6645-4a8e-a8f2-119c0c01214b,service.talk,premium,70,34,7,,,
089214f9-cd4e-4ad6-9911-2da90c2ae28c,service.tattoo,available,70,34,7,,,
d3555039-5bfe-410e-90b2-92383d43061d,service.tax,resell,70,34,7,"GoDaddy.com, LLC",01/09/2015 05:59,01/09/2026 05:59
f853c22f-0ac0-483e-80ab-27e868f4569f,service.tech,premium,70,34,7,,,
56a7e69d-17f4-4db2-b403-1658fcb0fdd0,service.tennis,premium,70,34,7,,,
ebd163a5-c49e-4c81-90ca-8cb4e09305b5,service.theater,available,70,34,7,,,
a1cae290-bced-4bcd-95e3-4e1a71a13c35,service.theatre,available,70,34,7,,,
b3bd521a-e962-4232-b014-84be754b8c88,service.tickets,available,70,34,7,,,
5b034659-e3d9-48ad-9c83-47aa9ada1bbc,service.tienda,available,70,34,7,,,
6b6d052b-fa07-4d99-b5de-5701812c16b9,service.tours,premium,70,34,7,,,
bb78872b-790c-46b4-8611-d065be50af82,service.town,premium,70,34,7,,,
f2dcb2da-8d82-41bb-8f45-dd35ea201ecb,service.toys,sold,70,34,7,"Spaceship, Inc.",13/10/2025 09:15,13/10/2026 09:15
b9462e0f-e845-40b9-bc6f-da1f4703fd66,service.trade,premium,70,34,7,,,
3a263155-1d45-4495-8eb8-f4bcae8e6cc5,service.training,resell,70,34,7,"Spaceship, Inc.",04/06/2022 13:15,04/06/2026 13:15
09aba47c-9856-4fd6-8150-4c9287b06f95,service.tube,resell,70,34,7,"GoDaddy.com, LLC",10/04/2019 22:15,10/04/2026 22:15
62bdc51a-4b29-4cad-8066-f69851309558,service.uno,premium,70,34,7,,,
dd6edbce-594a-4eac-b2ad-51150b64f92d,service.vacations,available,70,34,7,,,
2d98932f-91bd-4f47-89e8-c2f69083bf03,service.vana,available,70,34,7,,,
d165a4b5-fc47-4511-a3ce-5e4a80ccac7a,service.vet,premium,70,34,7,,,
3169aa60-d781-4110-b622-110a1d246485,service.viajes,available,70,34,7,,,
dcfdb5f7-2ae0-4fca-96b0-510af4153937,service.villas,premium,70,34,7,,,
01aeedff-6ee0-4306-879c-4b88758eec22,service.vin,premium,70,34,7,,,
f5ab2409-45bb-4fc4-ba93-beafae3813bf,service.vision,sold,70,34,7,InterNetX GmbH,11/09/2014 14:51,11/09/2026 14:51
7f6b9d92-c818-4f34-894c-97eeb367bf9a,service.vodka,available,70,34,7,,,
d6a2cff8-89fe-4a72-911a-e2916bd46db8,service.vote,available,70,34,7,,,
24865410-3c9f-4926-b161-32f7353a4365,service.voto,available,70,34,7,,,
0fcfd364-8993-4486-9393-64509aa26983,service.voyage,available,70,34,7,,,
5706f56a-2471-4579-89e5-b19c0ec71701,service.webcam,premium,70,34,7,,,
562460d5-648b-4086-af7b-529c8a3edaf3,service.website,premium,70,34,7,,,
605c2263-4305-47c0-9591-641c3056a63a,service.wedding,premium,70,34,7,,,
7833488a-cf41-45cd-b894-a38485e11056,service.wiki,resell,70,34,7,Alibaba Cloud Computing Ltd. d/b/a HiChina (www.net.cn),12/08/2022 00:00,12/08/2026 00:00
6692012e-bc6e-4bcc-ad89-7dbebbd8437b,service.win,premium,70,34,7,,,
688058a5-72d6-4f88-9cf3-51b3a86d5b7d,service.world,resell,70,34,7,"Chengdu West Dimension Digital Technology Co., Ltd.",03/04/2017 16:12,03/04/2026 16:12
1d554f41-695b-4530-83c9-f697181880a2,service.xyz,resell,70,34,7,"Sav.com, LLC",05/09/2021 18:02,05/09/2026 23:59
5467a60b-6ae1-48e5-bbd9-d058dcd181a5,service.yachts,premium,70,34,7,,,
3caf5b79-141f-40e9-8dd1-d141db87ff3a,service.yoga,available,70,34,7,,,
7cd2027b-0995-4ec5-a43c-2067872ebbf6,service.you,premium,70,34,7,,,
f9af8b1e-73c8-4d42-a9b9-f22dbb368b6a,service.zip,premium,70,34,7,,,
b0cc7e1f-11c3-4f97-897e-4c4b06d8f2e6,electricity.at,sold,80,80,11,DomainQuadrat Marketing GmbH ( https://nic.at/registrar/581 ),,
969d017f-911f-488f-bc52-d88418fbed3c,electricity.cloud,premium,80,80,11,,,
44f4698d-d4b2-401b-a4e3-ae4f39df8c3f,electricity.dev,premium,80,80,11,,,
d6dd22f0-9d0e-4eaf-87d5-8956dcc1baf8,electricity.expert,available,80,80,11,,,
b40e3417-cfd2-4001-8e18-45b3239273c3,electricity.it,resell,80,80,11,,17/03/2018 09:00,12/03/2026 00:00
506fbd20-493b-4b64-b043-54a0adddd110,electricity.me,expiring,80,80,11,"GoDaddy.com, LLC",17/07/2008 17:55,17/07/2025 17:55
e126de18-bfd7-43bf-9954-5b905ca9e784,electricity.online,premium,80,80,11,,,
37b762d1-c1fa-45de-9666-b79b158d3401,electricity.pro,resell,80,80,11,"Soluciones Corporativas IP, SL",25/11/2007 00:00,25/11/2025 00:00
260a53aa-5142-4ec0-a6e1-5f0f816a9912,electricity.site,premium,80,80,11,,,
81d4c3d3-a9c0-4209-b43d-b64d9d20aac9,electricity.so,resell,80,80,11,Dynadot LLC,13/03/2023 18:01,13/03/2026 18:01
664d81d5-6c99-4bdc-b7a6-1a7cbdbe6c23,electricity.store,premium,80,80,11,,,
43d32877-1467-4f32-b76b-b34af1e8b7a3,electricity.tech,premium,80,80,11,,,
52dfdea0-d020-4298-b1be-4028a6419f90,electricity.us,resell,80,80,11,"GoDaddy.com, LLC",24/04/2002 14:02,23/04/2026 23:59
f5b8004c-8b8b-4faf-85c5-19f7c57078c4,electricity.zone,available,80,80,11,,,
b7b50d93-3d3f-4690-b19a-b19bed1501a5,water.accountant,premium,108,41,5,,,
f503f0fa-ab71-49ce-976a-f2c19628ae10,water.accountants,available,108,41,5,,,
c876a829-90ee-4cc2-a7e9-1b2908689f0d,water.adult,premium,108,41,5,,,
26a491c0-1dc4-42f2-a4bc-38cbcee76d7e,water.agency,resell,108,41,5,united-domains GmbH,16/07/2019 13:01,16/07/2026 13:01
37cc0063-df12-4ee5-8d76-b8d0bd354f0b,water.airforce,available,108,41,5,,,
25480151-7290-49fd-a49c-4716a6c7026b,water.apartments,premium,108,41,5,,,
11b6eb94-c39e-4bb8-8d5f-f882ff128a9a,water.archi,available,108,41,5,,,
2e10f49d-cb70-4581-902b-9d3c709c86c6,water.army,premium,108,41,5,,,
c135d537-4afd-4c75-9035-b3a9b0caf44d,water.asia,resell,108,41,5,"GoDaddy.com, LLC",05/06/2008 07:05,05/06/2026 07:05
ef04877a-e99e-4e25-bf30-9cafa438dae0,water.associates,available,108,41,5,,,
91a07c1c-df0d-4003-8bc3-b9504970723c,water.at,premium,108,41,5,,,
06f13f0c-d755-428a-869d-fe88774c932c,water.attorney,premium,108,41,5,,,
9a2e149b-46f5-415d-b80a-67962842d814,water.auction,premium,108,41,5,,,
07cb9a49-8adb-471f-8ece-c30bb7a7cd52,water.audio,available,108,41,5,,,
59fefbf0-5c51-41b4-a4f9-2fc9a4db4f57,water.auto,available,108,41,5,,,
c97a264d-d118-4390-b5eb-6bb998443c2e,water.autos,premium,108,41,5,,,
f1655086-ee57-4914-a10e-a88f6b15f39e,water.bar,premium,108,41,5,,,
610ca790-1e4f-4c61-9c76-27b5ea7aff33,water.bargains,premium,108,41,5,,,
bcbd42ed-85ab-4635-8e88-b9f38210b988,water.bayern,available,108,41,5,,,
02b52058-2db9-4827-a9b1-8f688d4eaebb,water.beauty,premium,108,41,5,,,
e7ca2d6f-9609-4fd8-9c0a-2fd1d93905ca,water.beer,resell,108,41,5,"GoDaddy.com, LLC",22/01/2024 20:43,22/01/2026 20:43
7e61b10b-7f57-4ade-b46c-446e10875ded,water.berlin,premium,108,41,5,,,
0d2c7843-5fa3-49ca-b48f-8723edf2a97b,water.bid,resell,108,41,5,Porkbun,26/07/2019 14:50,26/07/2026 14:50
e9ea3e14-d42b-4e31-afc4-4cd93468c140,water.bike,resell,108,41,5,Dynadot Inc,30/01/2018 16:25,30/01/2026 16:25
0a0bd1d3-d0af-4813-a476-e09e8dacd414,water.bingo,available,108,41,5,,,
deaf2114-1c02-4516-8ea0-e4c991a1abbd,water.black,resell,108,41,5,"Xiamen ChinaSource Internet Service Co., Ltd",16/06/2025 15:15,16/06/2026 15:15
37e6d882-f07c-4369-8ecb-934875feed23,water.blackfriday,available,108,41,5,,,
2978e3f1-9684-4eca-8e02-62287fd1b665,water.blue,premium,108,41,5,,,
c449279c-1471-4c40-bb8e-b90656fa0a5a,water.boats,premium,108,41,5,,,
4651b976-8b02-4075-97d5-edc4d35f4f44,water.boo,premium,108,41,5,,,
9c050e6a-38b5-437f-9538-897ebfcbd203,water.boston,premium,108,41,5,,,
ad7178d4-e1d7-4e63-9511-df721d86660c,water.bot,premium,108,41,5,,,
7e5cba7d-fe55-409b-99c7-d2a98f377a08,water.build,expiring,108,41,5,"Go Daddy, LLC",10/12/2017 14:03,10/12/2025 23:59
48913238-88ed-4c1e-a701-74f10bd2be07,water.builders,available,108,41,5,,,
08f80b8f-c616-4a27-8990-2c374a8ceae4,water.buzz,resell,108,41,5,"GoDaddy.com, LLC",20/05/2018 18:01,20/05/2026 18:01
60042a8e-a6aa-4fe2-8610-f700fb436e36,water.bz,available,108,41,5,,,
21acef2e-ccca-4c0b-84de-1ccb0163a55e,water.ca,resell,108,41,5,BareMetal.com inc,29/09/2000 03:12,03/10/2027 04:00
eba988f9-5ebb-40b4-8aa2-3075205b6bbe,water.cam,premium,108,41,5,,,
c25ac11b-28ad-4c4b-a937-e7260f3a9859,water.capital,resell,108,41,5,"Sav.com, LLC - 39",04/10/2024 15:15,04/10/2026 15:15
e3075d84-e160-4597-88aa-05f11f5612f0,water.car,available,108,41,5,,,
6399c5ac-6b40-41c8-a22a-a6b77ff81893,water.cars,available,108,41,5,,,
8ff82873-7a71-46bb-9d2a-ad94a0275e4a,water.casino,resell,108,41,5,"GoDaddy.com, LLC",28/10/2021 02:26,28/10/2026 02:26
970ba9c4-883b-46b8-be3d-7f11b0bf3b31,water.catering,available,108,41,5,,,
2a1a40ef-289b-4391-b619-bc70aebce236,water.cfd,premium,108,41,5,,,
40b2a233-9d0b-4da2-a17b-4315887c7b10,water.charity,resell,108,41,5,Porkbun LLC,01/12/2024 17:27,01/12/2026 17:27
d4136d11-4250-4a45-a094-9292b7f2cd73,water.cheap,premium,108,41,5,,,
d8b3a096-722e-4609-ba52-d2de31eae661,water.church,resell,108,41,5,"Sav.com, LLC - 16",03/08/2024 17:00,03/08/2026 17:00
76fa74b9-af66-47f4-ae9c-bed01fbbad24,water.claims,expiring,108,41,5,"GoDaddy.com, LLC",25/12/2021 00:03,25/12/2025 00:03
a36bf6f8-251e-4e28-9082-fe25c68c20cd,water.cleaning,premium,108,41,5,,,
033cd0f1-8d2a-450c-b965-db92b9c72ed1,water.club,resell,108,41,5,"NameCheap, Inc.",22/08/2018 09:42,22/08/2026 09:42
dae6975f-fa5a-4fa8-b56b-e5b019f43ea7,water.codes,resell,108,41,5,"GoDaddy.com, LLC",22/01/2024 20:43,22/01/2026 20:43
cabca364-2537-47af-a2f9-4ba12a131bbc,water.college,resell,108,41,5,Alibaba Cloud Computing Ltd. d/b/a HiChina (www.net.cn),18/05/2025 02:17,18/05/2026 23:59
d482b975-9733-4331-880a-45e601d52d47,water.condos,available,108,41,5,,,
803b8ba5-6892-493a-953b-865773cfe567,water.contractors,premium,108,41,5,,,
50ea8e3e-c666-4206-9ece-ac81b4c4423a,water.cooking,premium,108,41,5,,,
ee0a6dc0-268f-473c-8002-45aee579a655,water.cool,resell,108,41,5,Epik LLC,01/07/2015 16:00,01/07/2026 16:00
e0edf202-c5e3-42bd-b54f-c2b901df4138,water.country,available,108,41,5,,,
8926f1b0-41d0-41a6-9fb8-8ac13d2df648,water.courses,available,108,41,5,,,
a9ec454c-ac0f-4e07-a799-38566d9ea690,water.credit,resell,108,41,5,"Spaceship, Inc.",19/04/2025 20:00,19/04/2026 20:00
6e61828b-d876-4c34-b2cc-8ca6568dc8d6,water.creditcard,available,108,41,5,,,
db1e9f21-14f0-4442-94f5-7978992f9899,water.cricket,available,108,41,5,,,
04238a0f-8f16-41a4-8f81-dbd7f089c2f2,water.cruises,premium,108,41,5,,,
6be4c3d7-837b-4426-8e60-50791cb1c0f8,water.cv,premium,108,41,5,,,
d960b77e-a876-41ff-86ce-0617209d19a3,water.cx,expired,108,41,5,West263 International Limited,25/11/2015 00:00,25/11/2025 09:15
05c0eca4-57cb-4465-9d92-b1b5c98c8af2,water.cyou,premium,108,41,5,,,
dbef0c5e-7e04-41f4-9769-49cc8f231fb9,water.dad,premium,108,41,5,,,
9b85e998-8100-41e2-8778-2fc0f21cc58c,water.date,premium,108,41,5,,,
14a3c767-82fa-4928-86fc-ca739ec31791,water.dating,available,108,41,5,,,
1de77ca5-010d-42f5-ba6d-01984b229e56,water.de,resell,108,41,5,,,
91e2d272-a4d3-46bd-a48d-02034f43d97c,water.deal,premium,108,41,5,,,
ca3578ba-dc27-42ca-8b31-a2b6fbbfa74d,water.dealer,premium,108,41,5,,,
dac6e015-4638-447c-963a-6a54299c0abb,water.delivery,resell,108,41,5,"GoDaddy.com, LLC",06/02/2015 16:00,06/02/2027 16:00
bf0a0522-efb9-43e4-84d2-932bb4057f1a,water.democrat,available,108,41,5,,,
b8ff74bd-b9bc-46dc-9e00-3a9091e01a26,water.dental,available,108,41,5,,,
51df974b-27f3-46c3-aabf-dfb606721578,water.dentist,premium,108,41,5,,,
495379e1-bc13-4345-b43f-1bfc7e70baf8,water.design,resell,108,41,5,West263 International Limited,12/05/2015 14:00,12/05/2026 23:59
d6e96e02-f228-4266-a852-b08776cecbf1,water.diet,premium,108,41,5,,,
80f88645-a0cd-44f1-863d-c48388d7bff6,water.discount,premium,108,41,5,,,
c3545aaa-7f5a-4553-b618-ec7768c6edac,water.diy,premium,108,41,5,,,
395c7f52-792e-4098-afbc-e60c66fc1c97,water.doctor,resell,108,41,5,"Spaceship, Inc.",23/04/2025 19:18,23/04/2026 19:18
c47a5dde-37a2-4f2e-96a8-9dac6160c409,water.domains,available,108,41,5,,,
720320f9-ffa8-4b1a-a5f9-39681dd159dd,water.download,premium,108,41,5,,,
243c28d6-d7dc-471d-a014-b2a87ff7a370,water.email,resell,108,41,5,"Sav.com, LLC - 11",03/10/2025 15:15,03/10/2026 15:15
cb109851-9a91-44b8-a311-6615ba7727df,water.enterprises,available,108,41,5,,,
619e6fa1-b190-464b-97a2-44acaa26dde5,water.esq,premium,108,41,5,,,
2c7ab985-c6ee-416d-a69e-5722851e2547,water.expert,expired,108,41,5,"Sav.com, LLC - 11",11/10/2022 13:15,11/10/2025 13:15
907dccf6-4bc0-4ebb-b4ae-15c0728c6ccc,water.exposed,expiring,108,41,5,Porkbun LLC,23/12/2024 14:21,23/12/2025 14:21
7fa664d7-627d-46f7-b4ce-23afb79df00b,water.express,premium,108,41,5,,,
c8658982-460d-470a-abaa-6132b249dfe0,water.fan,premium,108,41,5,,,
3d36bf59-59bf-43c4-9a9b-5e4b2e3ddb31,water.fans,premium,108,41,5,,,
9f8f19e5-ea17-4a55-b678-5b777cf9102f,water.fashion,premium,108,41,5,,,
ac9fc69d-1a4c-4f92-9871-2f60f276bc90,water.film,premium,108,41,5,,,
6ed14de6-0e94-47bb-a495-98f9769c8938,water.fit,premium,108,41,5,,,
9f2d9910-025c-4dc2-a915-9567f169808f,water.fitness,premium,108,41,5,,,
3e00bbd4-92ce-407d-a4c5-92618537fe21,water.flights,available,108,41,5,,,
ecfaf75c-8d67-42bd-9924-5f60647c46e5,water.florist,available,108,41,5,,,
73ff9105-0f6c-467c-84c6-50c98bab5909,water.flowers,available,108,41,5,,,
5dc87a28-a1c2-4d10-a449-9e977be8f022,water.foo,premium,108,41,5,,,
a269c6a3-c8f9-4fb8-97f0-116fc8dfa8ed,water.food,premium,108,41,5,,,
063577e6-d609-4c1e-9cee-53d93b6ed9b8,water.football,available,108,41,5,,,
d72a938a-fc19-4635-ad1f-c852ff9719a2,water.forsale,premium,108,41,5,,,
454621e9-2286-4f9a-a0bb-7a6350a71c31,water.forum,premium,108,41,5,,,
2d6d7af4-fff9-46b0-91b5-cd502cc6bceb,water.free,premium,108,41,5,,,
2834624a-97be-47e0-8f20-832c6a960d54,water.fun,premium,108,41,5,,,
e290f8ca-2b0f-44f3-8d1f-470ea42c6812,water.furniture,expiring,108,41,5,"GoDaddy.com, LLC",10/12/2017 14:03,10/12/2025 14:03
4ea532f4-caa5-4043-9211-8befe256e3e3,water.futbol,available,108,41,5,,,
5de119e3-b3a8-4eb4-b642-e0b8d8a4b24a,water.game,premium,108,41,5,,,
5aec5f64-fa95-4a87-b3e7-107676108930,water.gay,premium,108,41,5,,,
ec81273d-ea24-4f80-bdc7-04020d3e528b,water.global,premium,108,41,5,,,
e65611a9-bc22-448d-9de7-02a3078bb06e,water.gmbh,available,108,41,5,,,
7bece0ff-d36f-4f7f-bc29-fa141c19e879,water.gold,resell,108,41,5,"DNSPod, Inc.",22/09/2024 15:15,22/09/2026 15:15
213daa0f-5d64-446e-a014-45be0a43ef5e,water.gratis,available,108,41,5,,,
3c1f95f5-3049-4dba-aabe-4c329618d98d,water.green,premium,108,41,5,,,
1277e81b-8a48-44a9-a536-5d483d198e38,water.gripe,available,108,41,5,,,
4f20e085-91c5-40d7-a150-d46d29600683,water.guitars,available,108,41,5,,,
b8a9e685-bb29-4733-84ae-9a93b35d93fc,water.guru,resell,108,41,5,"Spaceship, Inc.",20/04/2023 15:15,20/04/2026 15:15
6ce2fee2-d209-49a1-8ddd-ad36a6ca6dc8,water.hair,premium,108,41,5,,,
01c1d739-339c-445a-b6f1-5c1a727cd931,water.health,premium,108,41,5,,,
e87874f3-a154-4de7-9664-39c2a299968a,water.help,resell,108,41,5,Dynadot LLC,11/03/2025 12:20,11/03/2026 23:59
9ae1bfe0-8a76-4262-9169-6671595bcad2,water.hiphop,available,108,41,5,,,
d558911a-8ea3-445d-a442-1b2f63e49d92,water.hiv,available,108,41,5,,,
d871e9ce-05b9-4476-8016-41257eca0897,water.hockey,available,108,41,5,,,
4823e45b-b546-449b-8052-db0dbeff1296,water.holiday,available,108,41,5,,,
166f1318-faa0-42aa-a45e-a501f3ef5ce3,water.horse,expired,108,41,5,Dynadot Inc,28/10/2023 02:59,28/10/2025 02:59
ba1adf03-ef48-4c6a-94e2-fc822e68cccc,water.hospital,available,108,41,5,,,
2913bec8-206b-4e75-8ee5-5e86c03dd4aa,water.host,premium,108,41,5,,,
945a07c6-7a25-4da8-b7eb-2ebbcaf42ed3,water.hosting,available,108,41,5,,,
e6151e1f-077d-4ab8-92f2-6abad9e71f2e,water.hot,premium,108,41,5,,,
9be1f5d1-5393-4c6a-81cc-1afba6adaacc,water.how,premium,108,41,5,,,
eb2628d3-8696-4c61-8c2e-f7076b875943,water.im,premium,108,41,5,,,
c3030978-4c42-4b15-a42c-21839680e14d,water.immo,available,108,41,5,,,
c7b38859-7c68-44af-9587-600e8c535937,water.immobilien,available,108,41,5,,,
c07f2844-8335-41ee-9c3e-8bf4f81f21e1,water.in,resell,108,41,5,"Spaceship, Inc.",16/02/2005 06:31,16/02/2026 06:31
b275fcf1-dd03-4cea-b862-e479cd0b9af3,water.info,resell,108,41,5,"GoDaddy.com, LLC",13/07/2002 19:23,13/07/2026 19:23
261880a6-7205-4edf-a59b-2714b919b97f,water.ing,premium,108,41,5,,,
80453057-bc75-44a1-ad0b-871ffba60b9e,water.institute,expiring,108,41,5,"NameCheap, Inc.",11/12/2024 04:07,11/12/2025 04:07
652ba3f9-58fa-478e-9f4d-e048639c862a,water.insure,available,108,41,5,,,
a723229d-b749-4708-ae32-8c9b44f78c76,water.investments,premium,108,41,5,,,
c22926c8-8947-4c4b-8e10-ae3e3473981b,water.irish,available,108,41,5,,,
1465ef73-6df9-4882-8ab9-04a90b285948,water.it,expiring,108,41,5,,23/12/1997 00:00,09/12/2025 00:00
660f75cf-7c30-4208-ad72-e8f2f7d7032a,water.jetzt,available,108,41,5,,,
92c0ee6a-6f35-42a3-b481-ec8156bb61a5,water.jewelry,available,108,41,5,,,
abdadbaa-72b6-48cd-ad8f-9b43babf06cc,water.juegos,available,108,41,5,,,
41be433f-4dae-4023-a087-a2be6847a2b7,water.kaufen,available,108,41,5,,,
b920a5b4-3402-4f26-bc7d-dfc683e01273,water.kids,premium,108,41,5,,,
c4f7038a-be00-4793-b4b2-dfe1e9520189,water.kim,expiring,108,41,5,"Sav.com, LLC",02/01/2025 17:11,02/01/2026 17:11
e42c9e5e-fbc4-4f7d-ae0a-99cf1450f014,water.kitchen,expiring,108,41,5,Domain Science Kutatási Szolgáltató Korlátolt Felelősségű Társaság,18/12/2024 14:19,18/12/2025 14:19
5834d614-10a5-4097-b3ee-134ed6e92d1b,water.lawyer,premium,108,41,5,,,
37b755d3-ce5c-445a-9ced-a872cac9068f,water.lease,available,108,41,5,,,
35b3a03a-6e27-4989-81b2-9b35fb64c8f7,water.lgbt,available,108,41,5,,,
956b99d8-6262-4073-aefd-475d2e9c7624,water.lighting,resell,108,41,5,"GoDaddy.com, LLC",02/11/2019 22:45,02/11/2026 22:45
dc7f823c-db1e-4754-a6d6-5d99c9f4567d,water.limo,premium,108,41,5,,,
1826898f-3a14-40f4-88ca-2f32de7f196b,water.loan,premium,108,41,5,,,
09377277-c4ba-4511-bf8f-3ace148017a5,water.locker,premium,108,41,5,,,
4789b631-6a7c-459d-b93b-dde5e719da53,water.lol,premium,108,41,5,,,
2a50318f-d04a-479a-9ad2-0bc6bf2af44c,water.london,premium,108,41,5,,,
f161eab0-950e-4b63-910a-fccdbdccf9d4,water.ltda,premium,108,41,5,,,
b64c6b13-04d6-4e7a-96b9-babbe26adf94,water.luxury,resell,108,41,5,"Sav.com, LLC",23/11/2025 03:39,23/11/2026 23:59
654b0217-a447-49a3-b826-31344b53b5c4,water.maison,available,108,41,5,,,
f61ad231-2991-4815-ae63-0e789dce1e7b,water.makeup,premium,108,41,5,,,
326dff4e-a9f3-4bb6-a9e9-4fd145c86f45,water.management,resell,108,41,5,Dynadot Inc,06/02/2018 02:08,06/02/2026 02:08
47d0a45f-54eb-4414-b25d-991d2dccadaf,water.market,premium,108,41,5,,,
b47ca1dc-14d5-424f-8d4d-c6a5e00409c7,water.marketing,expiring,108,41,5,"Sav.com, LLC",04/01/2023 17:02,04/01/2026 17:02
92166ef2-afab-4fce-beed-0e203051698b,water.mba,expiring,108,41,5,"NameCheap, Inc.",11/12/2024 04:07,11/12/2025 04:07
19e6d125-fa2e-4ddd-a01f-4515cfac7669,water.me,sold,108,41,5,Dynadot Inc,01/05/2009 14:22,01/05/2027 14:22
ec0cdc27-6a35-4397-aacb-cefd314f1378,water.media,resell,108,41,5,"Spaceship, Inc.",06/10/2024 15:15,06/10/2026 15:15
99b253bc-a4a0-4aa5-aa3d-ea4eea948692,water.meme,premium,108,41,5,,,
e9c4f720-fbf8-46eb-820e-003a99dfc177,water.memorial,available,108,41,5,,,
82fe2318-9cff-4356-b5fd-58c2bed36e3f,water.men,resell,108,41,5,"Chengdu West Dimension Digital Technology Co., Ltd.",20/02/2016 10:40,20/02/2027 10:40
504c6133-b714-408d-9a67-039e0510be13,water.menu,premium,108,41,5,,,
79a499da-9613-423c-a104-7c9c2e3b382f,water.mobi,premium,108,41,5,,,
619a6bff-b2a2-406a-8910-ba8f6add51c6,water.moda,available,108,41,5,,,
c36942ce-ea36-4e85-ba14-1d5c03a431db,water.moe,premium,108,41,5,,,
e0440bb4-cd7a-4481-ae0e-76a0d4df817b,water.motorcycles,premium,108,41,5,,,
3f8f1983-d3f9-4da2-8f0e-72cc7f810600,water.mov,premium,108,41,5,,,
192f03b3-c9fa-4253-93dd-b486d6ad7084,water.movie,available,108,41,5,,,
ca9a3e80-d2dc-4b60-9dba-251e3c09646b,water.music,premium,108,41,5,,,
95cf234e-36fa-45b1-b657-05f4f446996d,water.mx,resell,108,41,5,1api GmbH,24/09/2009 00:00,23/09/2026 00:00
38c9e8b2-93d6-4d6b-8bd8-ce845ab36196,water.navy,available,108,41,5,,,
38950755-429e-4616-bdcb-8f532f51f24f,water.news,premium,108,41,5,,,
f000f1fd-936e-4302-bf40-da499cbb898e,water.nexus,premium,108,41,5,,,
2027cb90-31f3-47cc-b3ca-0ab437c9db40,water.nyc,premium,108,41,5,,,
7db8c4e0-7aac-4d47-93ac-eaf164d4ea9f,water.observer,premium,108,41,5,,,
59ed5ea5-7c45-41e7-ae21-b8097915ea12,water.one,expiring,108,41,5,"GoDaddy.com, LLC",08/12/2024 23:28,08/12/2025 23:28
b14e765e-643a-49a6-8b98-e7c1a2d4e769,water.onl,premium,108,41,5,,,
56112802-c161-41ee-9b29-a99bcfb100a6,water.online,premium,108,41,5,,,
e6490ced-fb48-42ed-bff2-bfeb6ceb3e6d,water.organic,resell,108,41,5,"Sav.com, LLC - 31",31/08/2025 15:15,31/08/2026 15:15
5b0a0d62-d16e-4838-9402-ff1e7db5fe11,water.osaka,premium,108,41,5,,,
6b52a89e-ae43-4b05-939b-6d63a2af8b6d,water.page,premium,108,41,5,,,
fff27924-d81f-4786-a2d1-db6db441f470,water.parts,premium,108,41,5,,,
4c8a5ae5-7514-4fe2-b042-b646d6a62776,water.party,premium,108,41,5,,,
0a092436-2b54-4d77-918b-840709175b4d,water.pet,resell,108,41,5,"Sav.com, LLC",26/01/2025 17:13,26/01/2026 17:13
4017d15f-75f9-4270-a98d-2dee7ba7c755,water.phd,premium,108,41,5,,,
ae32f3fe-65e1-4784-b197-80f5719dfb7d,water.photo,available,108,41,5,,,
ef6652f6-0388-4b16-a81c-501fedad12e4,water.pics,premium,108,41,5,,,
16518a70-3f27-4a37-8f9f-a9211cb5c78e,water.pictures,expired,108,41,5,"Sav.com, LLC",24/09/2024 17:08,24/09/2025 17:08
a1d84c9a-30b1-4432-a46c-f59887069220,water.pizza,available,108,41,5,,,
02d07a3b-328d-45fd-91ab-81d65fd62479,water.place,premium,108,41,5,,,
af7215e8-23e6-491b-b14a-c95ff3aa5a5e,water.plumbing,premium,108,41,5,,,
1fe44aae-dc2e-44d6-87aa-3ca28207dfec,water.plus,resell,108,41,5,"Spaceship, Inc.",22/09/2024 15:15,22/09/2026 15:15
5c4e22a1-a247-4a62-870f-6b826a52a90c,water.press,premium,108,41,5,,,
d65199b9-a4a4-4783-bc9b-020bfc7451ad,water.productions,premium,108,41,5,,,
fa9a6b6d-5c4e-4a8d-b71b-2aa85c50c22d,water.prof,premium,108,41,5,,,
de109c34-dbb7-44a6-ac44-ab2f0fbc8caf,water.property,premium,108,41,5,,,
351c7843-abd3-4f55-8610-481898f2f598,water.protection,available,108,41,5,,,
1d7154fd-6aa6-4db6-bbff-78c007ef2b82,water.pw,premium,108,41,5,,,
8d38e8ee-2caa-4276-aa08-c4406176e4f5,water.qpon,premium,108,41,5,,,
8e009435-72b6-4cec-b18b-9c3a8fcf6aa4,water.racing,premium,108,41,5,,,
841d4c7e-b9ea-443c-88de-835be99eea3f,water.realty,premium,108,41,5,,,
2655fc56-5493-4003-a205-d6205943b130,water.recipes,available,108,41,5,,,
b2daef0e-0665-4f10-9331-e72a632f132a,water.red,resell,108,41,5,"Sav.com, LLC - 42",18/11/2023 17:00,18/11/2026 17:00
7c7a987f-b624-4afb-a817-b2505922efad,water.reise,available,108,41,5,,,
5847fc5b-6398-4bea-b836-74c552aca723,water.reisen,available,108,41,5,,,
64d0580b-e8e4-4dc0-a6e6-32ab14cde38d,water.rent,premium,108,41,5,,,
48d989e8-8656-4b94-ad4c-64c13477837c,water.report,expiring,108,41,5,Porkbun LLC,13/12/2024 17:02,13/12/2025 17:02
bf299304-cbcd-43ef-95aa-9ec0ae5e0c2f,water.republican,available,108,41,5,,,
e04071f9-8263-4e99-960f-c3dc8d558bb2,water.restaurant,available,108,41,5,,,
416081c4-69e4-4ac1-ab3d-213547111cea,water.review,premium,108,41,5,,,
750bb103-c9de-4a61-84cb-9999743efa3b,water.reviews,premium,108,41,5,,,
89d7ed4d-111a-4604-b626-83f4abc648be,water.rich,available,108,41,5,,,
c5dea10b-fc26-4592-b608-c3db1be1f69c,water.rip,available,108,41,5,,,
531764c4-a5d4-4c05-bcb0-b88887c5e2f4,water.rocks,resell,108,41,5,united-domains GmbH,06/08/2014 17:00,06/08/2026 17:00
53bff5b0-ec68-4f64-999a-13b104252cd7,water.rsvp,premium,108,41,5,,,
e1e99d76-1adc-48d2-bf9e-b55267f70631,water.run,expiring,108,41,5,"Chengdu West Dimension Digital Technology Co., Ltd.",07/01/2024 15:15,07/01/2026 15:15
6a11605a-18e0-483e-b697-b31ddf92bdf3,water.sale,premium,108,41,5,,,
f8a457f2-2702-415f-971c-be8012bae71d,water.salon,resell,108,41,5,"GoDaddy.com, LLC",28/10/2021 02:26,28/10/2026 02:26
cde4fdae-166e-4564-905c-8e758bd016b8,water.sarl,available,108,41,5,,,
11202be7-03f1-431a-97ac-5aa228d72004,water.sbs,premium,108,41,5,,,
97daa39d-b88a-4726-b133-abf90b5221d4,water.schule,available,108,41,5,,,
cb5f9e5b-0cc0-482e-a995-41a13290fc0b,water.science,premium,108,41,5,,,
0891c7a7-e2e0-462c-8195-75f38370ac10,water.security,available,108,41,5,,,
d8adbe36-6879-4a9f-bdc2-01288ad99d0c,water.sexy,premium,108,41,5,,,
8fa4ca16-3c03-4b4a-94b8-4ced42add5e4,water.shiksha,available,108,41,5,,,
f0e1026b-7c2f-4cd9-a81c-a6d89585daf1,water.shoes,resell,108,41,5,"GoDaddy.com, LLC",19/07/2015 16:00,19/07/2026 16:00
0936c6c8-3ee2-4b34-bc4d-d2f2b5b19da3,water.shopping,expired,108,41,5,"Chengdu West Dimension Digital Technology Co., Ltd.",28/09/2016 16:00,28/09/2025 16:00
a9e2b510-36a1-4a52-a841-6f624700e113,water.show,resell,108,41,5,Alibaba Cloud Computing Ltd. d/b/a HiChina (www.net.cn),26/07/2015 16:00,26/07/2026 16:00
39569080-aef7-45a8-87bd-7ada102c8bb0,water.singles,available,108,41,5,,,
b5877441-daac-499a-85ba-1ca8e13e339e,water.skin,premium,108,41,5,,,
11650800-8da8-4737-af8c-67471f93ec98,water.social,resell,108,41,5,"Spaceship, Inc.",07/09/2024 15:15,07/09/2026 15:15
07d01201-4861-4677-af1f-a1e3e6789714,water.solutions,resell,108,41,5,"Go Montenegro Domains, LLC",26/03/2014 16:00,26/03/2026 16:00
d0b26ce9-8b35-4b87-b003-05fbc16671d8,water.soy,premium,108,41,5,,,
98b2206b-208c-466a-b72f-1622111d781c,water.space,premium,108,41,5,,,
4075e4da-89b7-4042-b3c8-ce2b2dfb78fa,water.spot,premium,108,41,5,,,
e08f00b4-1597-4ac2-a061-8febe6f205d6,water.srl,available,108,41,5,,,
709a013e-117f-426c-adf4-075cfc01d9ea,water.storage,available,108,41,5,,,
09d68c2e-6800-4afb-b062-a4c5ec77bf0d,water.store,premium,108,41,5,,,
9aca0bad-d0cc-4d9f-8f1f-a89408bf64fe,water.stream,premium,108,41,5,,,
171da1a2-bff9-49a4-9667-e299b05693ac,water.sucks,premium,108,41,5,,,
e9fad2cf-c505-4f66-b50c-87c5cd990993,water.support,expired,108,41,5,"Sav.com, LLC",02/10/2024 17:07,02/10/2025 17:07
04dbdc6f-9e8d-4c65-82f6-b8a5722e1084,water.surgery,available,108,41,5,,,
3724f80d-9bcd-4cd9-904e-7e20feafb9c2,water.sydney,premium,108,41,5,,,
fd29c94b-2d07-42b1-b0a0-2cdf56b826cd,water.talk,premium,108,41,5,,,
df29ec55-6d05-4d11-ac2e-9ae7c2047d86,water.taxi,resell,108,41,5,"Spaceship, Inc.",16/08/2015 16:00,16/08/2026 16:00
93708f99-24d3-4fac-9f64-6e60edfb5d9a,water.team,resell,108,41,5,"DNSPod, Inc.",20/10/2024 15:15,20/10/2026 15:15
db7bf7e5-d202-428d-86ce-fe9b59a91d5f,water.tech,premium,108,41,5,,,
835502a3-2937-4552-b6fc-8ae78eb3d033,water.technology,resell,108,41,5,"Spaceship, Inc.",03/05/2024 15:15,03/05/2026 15:15
49debdc8-04b2-4ad1-a46c-2bcff7cce614,water.tel,expiring,108,41,5,"Spaceship, Inc.",01/01/2024 21:11,01/01/2026 21:11
8d57c080-f95d-49a9-905a-fe49a7d2d434,water.theater,available,108,41,5,,,
788b3b60-a265-46fa-9243-0bae864055cd,water.theatre,available,108,41,5,,,
eafd48cf-f773-40b4-9666-d7b42d952485,water.tickets,available,108,41,5,,,
39f8e09f-0fb5-450b-bce4-d8a7243df141,water.tires,available,108,41,5,,,
0632adfc-4591-4d09-9f4c-a753e5aa16f4,water.town,resell,108,41,5,"Go France Domains, LLC",30/07/2014 16:00,30/07/2026 16:00
d28d9f7b-c313-4adb-9205-74392d8a2075,water.trade,resell,108,41,5,Porkbun,29/07/2019 13:17,29/07/2030 13:17
8c3439d3-94b9-4d64-aaa4-ef995317dcbf,water.tube,expired,108,41,5,"Latin American Telecom, LLC",08/11/2017 19:27,08/11/2025 19:27
ffaf8016-6483-4fcf-9930-b89e99c57771,water.uno,resell,108,41,5,"Go Daddy, LLC",19/03/2014 16:16,18/03/2026 23:59
23eafae7-a11b-42d1-8cff-37d9913bdb9b,water.vacations,resell,108,41,5,1API GmbH,25/05/2014 22:42,25/05/2026 22:42
c214b0b5-b1c2-442d-8c0a-5dc90a611f33,water.vana,available,108,41,5,,,
f0f2e6b6-1754-49e6-ae1f-243bd1d09df1,water.vet,premium,108,41,5,,,
4b80c15e-5461-4453-804c-73eefd792b7a,water.viajes,available,108,41,5,,,
8b50f6d9-5b72-4f1e-bafc-0b63d9929526,water.vin,expiring,108,41,5,"Sav.com, LLC",16/12/2024 14:21,16/12/2025 14:21
e4ecd20d-a86d-42e4-b703-478da6e98ab8,water.vodka,premium,108,41,5,,,
1bbaabe9-7c74-4704-a689-760795ee4586,water.vote,available,108,41,5,,,
2267efe0-33de-46d9-8f1a-fd8ad24e0724,water.voting,available,108,41,5,,,
4c28049c-f26f-4c77-b11c-3e687abf7920,water.voto,available,108,41,5,,,
84a049a8-cb0b-42cd-8475-7c1950ef9b45,water.voyage,available,108,41,5,,,
8021a233-c6eb-4642-9010-55ee8cc0e34a,water.webcam,premium,108,41,5,,,
4e835a3a-9e25-40a6-8b09-3e2d0f7a2b6a,water.website,premium,108,41,5,,,
f2e89155-1a70-4897-a396-93bf003c3af6,water.wedding,premium,108,41,5,,,
a54aa9c3-d13a-42f6-af5e-28b19fdd3589,water.wiki,premium,108,41,5,,,
3d2b19c1-3a83-41bc-8cdc-2107797be893,water.win,premium,108,41,5,,,
4c9994b8-287b-4b85-9ee7-adcd80015afa,water.wine,resell,108,41,5,"Spaceship, Inc.",24/03/2020 11:35,24/03/2026 11:35
b9d64866-8aed-47fe-a674-022ee4e369f3,water.works,resell,108,41,5,Dynadot Inc,25/10/2021 13:15,25/10/2027 13:15
f79769c7-3b1d-4e8c-9d7a-1f483f1cb1d4,water.xyz,expiring,108,41,5,"Go Daddy, LLC",22/12/2018 07:21,22/12/2025 23:59
f2fde807-27fe-405a-9488-798be4a8917b,water.yachts,premium,108,41,5,,,
f321acea-4485-4e94-82b6-a2f87060c71e,water.yoga,resell,108,41,5,"GoDaddy.com, LLC",26/08/2020 18:56,26/08/2026 18:56
f4805035-3046-4cd9-b1a0-fc207a14a3a4,water.you,premium,108,41,5,,,
d9f0558d-ed65-41f8-a933-7cc8d2435023,water.zip,premium,108,41,5,,,
47510d43-dd06-4334-9a0e-59efe8e9c5ce,water.zone,resell,108,41,5,"Spaceship, Inc.",27/09/2024 15:15,27/09/2026 15:15
e683e4d4-4497-459c-80d3-b22b4330c129,supply.at,available,100,88,6,,,
da2e0753-7ba9-4220-a0d4-ff6657801a32,supply.expert,premium,100,88,6,,,
b65d1969-4cd4-428f-bf10-74b5ad822d33,supply.me,premium,100,88,6,,,
820bf357-b074-4d72-b011-a2e26ae2b6db,supply.online,premium,100,88,6,,,
96567d07-669d-46a0-8bcb-d00394112f6d,supply.pro,resell,100,88,6,Dynadot Inc,26/08/2008 00:00,08/09/2025 00:00
a654ace0-2644-43a9-86cc-858597a048c6,supply.site,premium,100,88,6,,,
bd89dc12-0c75-4470-91f4-ee5b2f171f39,supply.so,expiring,100,88,6,NameCheap,06/08/2021 01:36,06/08/2025 01:36
9a33153b-16e9-4fc3-83bf-6dcd97b6e24e,supply.space,premium,100,88,6,,,
3239e82b-5044-4cb1-92ca-97d931f43fc1,supply.store,premium,100,88,6,,,
1adc7c77-32cc-4ff5-9be8-d9f7a708dcb7,supply.tech,premium,100,88,6,,,
364968d4-7ce4-417b-9800-f7e69e1e9195,gas.ac,sold,72,25,3,"NameCheap, Inc.",30/10/2025 16:16,30/10/2026 16:16
35f8e313-de61-41cd-a75b-cafac70eac25,gas.academy,resell,72,25,3,"GoDaddy.com, LLC",20/09/2017 03:41,20/09/2026 03:41
75ccbec1-479c-4533-81ea-7f5e928e176d,gas.accountant,premium,72,25,3,,,
6ed4e9c2-7de0-4903-9064-a7cda6099d9e,gas.accountants,available,72,25,3,,,
6de60c2f-c9c8-4ebc-802f-4ec2eaab9d16,gas.actor,available,72,25,3,,,
17a8c2a3-43a2-4cbd-97be-d9e08c823bfe,gas.adult,available,72,25,3,,,
e102c82c-f0bd-4cc7-9f76-9882493ef517,gas.agency,sold,72,25,3,"Key-Systems, LLC",09/01/2025 07:30,09/01/2027 07:30
a85d51a7-e748-4c60-b1ec-c3bf3b98437c,gas.airforce,available,72,25,3,,,
52c9d09b-a994-46e4-b424-6eead415c705,gas.apartments,available,72,25,3,,,
30e51c5a-9bfe-43d3-bee8-10d277d07589,gas.archi,available,72,25,3,,,
31175002-af4a-405d-8991-46f5df3d02dc,gas.art,premium,72,25,3,,,
f3d056bd-5aa7-4379-a2c7-442009bfe0b5,gas.asia,expiring,72,25,3,"Spaceship, Inc.",16/12/2024 16:30,16/12/2025 16:30
7b85b136-3829-468d-b800-5ad78e856a97,gas.associates,premium,72,25,3,,,
f69e1d6a-7f64-4cb9-ae0f-c9e402635bd1,gas.at,sold,72,25,3,registrant:     EA4344331-NICAT,,
78431167-cefe-4198-8c27-3b2f4c0db6df,gas.attorney,premium,72,25,3,,,
849a6780-95bf-4669-8c5d-7f105d8d9173,gas.auction,premium,72,25,3,,,
c061c508-0508-421d-aeb5-e5b10c8e78e1,gas.audio,available,72,25,3,,,
72d5f122-3972-4d2f-a8b4-a5b1ffac4863,gas.auto,available,72,25,3,,,
0ce57de9-6a8c-4ec5-995d-ae4aa8712d65,gas.baby,sold,72,25,3,Gname.com Pte. Ltd.,11/10/2025 17:13,11/10/2026 23:59
0c831bbc-9e5b-4fc5-8176-dd3622ef8fcd,gas.band,sold,72,25,3,Domain Science Kutatási Szolgáltató Korlátolt Felelősségű Társaság,28/02/2025 15:15,28/02/2026 15:15
580ec652-a107-4d1f-9338-774b1aee0ba6,gas.bar,premium,72,25,3,,,
161f89b4-2633-43c0-94d6-dc71f4a7b507,gas.bargains,available,72,25,3,,,
4d1215f6-1f0b-4eae-9bc4-b403ac47d4f6,gas.bayern,premium,72,25,3,,,
39bc3559-5bc9-4968-a65b-1c4dca464ebf,gas.beauty,resell,72,25,3,"Spaceship, Inc.",19/06/2025 11:45,19/06/2026 23:59
257bc865-d683-4049-8927-c8f14cc13e44,gas.beer,premium,72,25,3,,,
4ba27fcc-e568-4d8a-9606-f16195ea7abe,gas.best,premium,72,25,3,,,
3a20765f-369b-45c4-9235-f14f3b83bbae,gas.bet,resell,72,25,3,Domain Science Kutatási Szolgáltató Korlátolt Felelősségű Társaság,17/04/2025 15:15,17/04/2026 15:15
0988aec4-4b02-4589-be99-180819dd4ae7,gas.bid,premium,72,25,3,,,
f224dbcd-8f3d-441d-901a-0948591890ba,gas.bike,sold,72,25,3,"Sav.com, LLC - 37",20/04/2024 15:15,20/04/2026 15:15
cbbb9f36-a03a-4436-89bd-1f285933dd62,gas.bingo,available,72,25,3,,,
8793bd0e-cede-4d9f-9176-0dd37d46f43c,gas.bio,premium,72,25,3,,,
9f81d97d-f509-4a67-aee8-452441202033,gas.biz,sold,72,25,3,Unstoppable Domains Inc.,27/03/2002 04:59,26/03/2028 23:59
d2adf06f-663f-40ed-88dc-67040c61864f,gas.black,available,72,25,3,,,
35621b7f-e8e7-4e85-813c-15b2145997f4,gas.blackfriday,premium,72,25,3,,,
9e07f39c-ed2a-44b0-b757-8d5e99e48c8c,gas.blog,premium,72,25,3,,,
b446f6de-d3c1-4b99-9ec0-d99d39c94c46,gas.boats,resell,72,25,3,Dynadot LLC,06/09/2025 17:00,06/09/2026 23:59
93725a09-1276-4915-acf6-6604c10c7704,gas.boo,premium,72,25,3,,,
b0cb619e-a571-4970-ba9a-1227175b66f0,gas.boston,premium,72,25,3,,,
3fb692a8-7720-4d43-9e98-efb79417765a,gas.bot,premium,72,25,3,,,
828548c2-efa2-4ea9-9a8e-2b7cc81006a5,gas.boutique,resell,72,25,3,Dynadot Inc,29/06/2025 17:00,29/06/2026 17:00
328e9ff3-e722-4883-b2d3-400860f91e4a,gas.build,premium,72,25,3,,,
5ba89fab-93b3-41ac-a9f3-a1edd61d1c2c,gas.builders,premium,72,25,3,,,
f741139b-7664-44a9-a088-0a609b65b8e1,gas.business,premium,72,25,3,,,
c12d01da-d255-4fc5-a32c-956f0e49ce24,gas.buzz,resell,72,25,3,"eNom, LLC",18/06/2015 21:39,17/06/2026 23:59
0748fd1b-b215-4dc8-96c4-0e43b1aaad46,gas.ca,resell,72,25,3,Grape Inc.,13/04/2004 15:59,13/04/2027 04:00
ca4b3418-db98-4c18-8796-b88e51d9dfef,gas.cab,premium,72,25,3,,,
caaa530c-e194-4a7f-a91e-cb67e411d8cd,gas.cam,premium,72,25,3,,,
83933460-e2f1-4296-ae0c-498105c946a0,gas.camera,available,72,25,3,,,
36fff769-3c00-450e-b4d1-e440bc69d9ff,gas.camp,available,72,25,3,,,
3eb95b43-d749-4e39-8be6-b1aca8b2e07c,gas.capital,sold,72,25,3,"NameCheap, Inc.",14/09/2025 07:09,14/09/2026 07:09
4fcbeed8-7fb1-4b3c-901b-3c14ae1f271d,gas.car,available,72,25,3,,,
3b20de34-4f70-4707-afa3-fbb0117d190d,gas.careers,available,72,25,3,,,
c96ef508-cdb8-461a-b7a7-b03edba13c61,gas.cars,available,72,25,3,,,
3eff5b9f-da92-4ea0-bed2-a8e314ffa8e6,gas.casa,premium,72,25,3,,,
54cca72e-490a-4103-91d5-654982e73a39,gas.casino,available,72,25,3,,,
b4304b47-4154-4b9b-84ae-0c04943573fc,gas.catering,available,72,25,3,,,
466e396d-359f-4894-8866-b27bcc90e775,gas.cc,resell,72,25,3,"22net, Inc.",17/08/2006 08:00,17/08/2026 08:00
6b1bf367-e9a1-4a5b-8aba-568e36245c45,gas.center,premium,72,25,3,,,
746d720b-1735-4176-8840-c2ad055df4e8,gas.ceo,premium,72,25,3,,,
d1670332-6b00-4856-bb93-2624a42bf2b2,gas.cfd,premium,72,25,3,,,
aee7ca3c-ddfe-41b7-9816-d0551dbeb750,gas.charity,premium,72,25,3,,,
f675ee13-f3b7-463e-8d1b-3ec2a605d2dd,gas.cheap,premium,72,25,3,,,
f134b421-e68c-41a0-a86b-cb6305c12760,gas.christmas,available,72,25,3,,,
76555c0c-5f56-4267-8058-c6b006085cf5,gas.church,available,72,25,3,,,
477ab258-e05a-4abf-80db-9c44ab51bfb3,gas.cleaning,premium,72,25,3,,,
3549381c-72d4-4d73-9825-238a19ddad83,gas.click,sold,72,25,3,"Dynadot, LLC",25/11/2014 16:00,25/11/2026 16:00
02b9b990-39ec-4881-9db7-2ac34c6d6f9d,gas.clinic,premium,72,25,3,,,
314545dc-7661-4b53-8590-715dd97c8397,gas.clothing,premium,72,25,3,,,
c549460c-3bc9-4e6d-96a8-450849e1c26c,gas.cloud,premium,72,25,3,,,
94c97187-916d-4280-9417-6f23e35ec005,gas.club,resell,72,25,3,"NameCheap, Inc.",19/06/2020 17:22,19/06/2026 17:22
32a1b119-af3d-4fd3-b7d5-9fd242cd2bc6,gas.coach,available,72,25,3,,,
374133d6-19b4-479d-a875-5f5c7cb94c4a,gas.codes,sold,72,25,3,"GoDaddy.com, LLC",13/11/2025 11:28,13/11/2026 11:28
e328c152-8b43-459c-bf85-92d85f1be6c5,gas.college,premium,72,25,3,,,
39f5cd59-48a6-4e24-846f-7a0c1a7f5f0d,gas.community,available,72,25,3,,,
1a9f71a9-4365-4691-9c36-149ac22f0cf3,gas.company,resell,72,25,3,1API GmbH,21/06/2015 16:00,21/06/2026 16:00
5e0e4dea-e432-424d-97c1-2696445de939,gas.computer,premium,72,25,3,,,
3088c50a-b013-4985-9878-8ea0160e884b,gas.condos,premium,72,25,3,,,
e6b73caa-2f01-4d85-98c4-38003fe9a0f3,gas.construction,premium,72,25,3,,,
da890285-fe3f-4b55-95f2-398a7b91dff8,gas.contact,expiring,72,25,3,"GoDaddy.com, LLC",09/12/2020 16:00,09/12/2025 16:00
29020111-f145-40e0-aeb9-48bbbcb20512,gas.contractors,premium,72,25,3,,,
9ae6947b-70e5-437f-9746-234691fbbecd,gas.cooking,premium,72,25,3,,,
0e838585-043d-4d82-93c4-e351066bd226,gas.coupons,premium,72,25,3,,,
48ca5220-f44d-4e53-ac9c-17c63c368120,gas.courses,premium,72,25,3,,,
7b187c5b-ec9b-4197-a2e7-aac3b41464c6,gas.creditcard,premium,72,25,3,,,
5cf6fb46-7391-4d58-8257-d03196e52c5b,gas.cricket,premium,72,25,3,,,
fef10ca0-4784-418a-8a11-873e20998a95,gas.cruises,available,72,25,3,,,
960013de-51a6-49a1-842a-2b1a5451a11e,gas.cv,premium,72,25,3,,,
93d7e5af-e78f-4a33-8d45-b3c47f2a18b9,gas.cx,resell,72,25,3,CentralNic Ltd,08/09/2025 00:00,08/09/2026 06:00
105cada9-52e1-45c1-8237-2b6b3a78ad5b,gas.cyou,premium,72,25,3,,,
acc7fa89-ba51-416d-a101-98e0ffc65ad4,gas.dad,premium,72,25,3,,,
56e44240-28d7-4feb-b4ea-dec531f8477a,gas.date,premium,72,25,3,,,
f1be63fe-125e-40dd-baf9-057a5bd177cc,gas.dating,available,72,25,3,,,
66a8581f-f855-4383-90d6-c3cc45f9ba72,gas.day,premium,72,25,3,,,
e969f426-50f3-498b-8382-f8792845070d,gas.dealer,premium,72,25,3,,,
48f719e1-b438-45c7-8000-cb3dca6d77b7,gas.deals,premium,72,25,3,,,
42af4d60-4016-4d5b-85cf-2cf9a4aaef36,gas.degree,available,72,25,3,,,
71191d2e-2389-43a4-b5b9-9956a1d8adf0,gas.democrat,available,72,25,3,,,
772e3661-622a-4241-b3c1-48f8a2369bf6,gas.dentist,premium,72,25,3,,,
9268d5a7-7e39-414c-922c-1f30e85ac629,gas.design,premium,72,25,3,,,
d52a4deb-2508-41a3-bffb-6812b2802dc7,gas.diamonds,available,72,25,3,,,
ffe4e725-8bf9-4cad-bd12-1cd78dc57ec2,gas.diet,available,72,25,3,,,
ac160ca3-169f-44ca-87dc-dcfedd5c3996,gas.directory,expiring,72,25,3,Squarespace Domains II LLC,22/12/2021 08:09,22/12/2025 08:09
e3737e60-421c-420a-985d-38c2db15b18e,gas.diy,premium,72,25,3,,,
ebe499b6-ad58-4d7b-8bed-70b963293914,gas.doctor,resell,72,25,3,"Blue Razor Domains, LLC",02/11/2016 16:00,02/11/2026 16:00
89c28793-36d0-4e68-b221-fce37c9b69a1,gas.dog,sold,72,25,3,GNAME.COM PTE. LTD.,08/09/2025 14:43,08/09/2026 14:43
e4992628-987a-4d6e-a2c9-ecee97e58c70,gas.domains,available,72,25,3,,,
8dff53b1-7fbe-48d1-9acb-9e1ca76d9b53,gas.download,premium,72,25,3,,,
9fc5988a-036b-4098-94b8-a2267f7e5187,gas.email,sold,72,25,3,"NameCheap, Inc.",24/09/2025 00:38,24/09/2028 00:38
6d3513c6-67aa-41a2-aa13-c45862131b90,gas.energy,resell,72,25,3,Porkbun LLC,08/02/2015 16:04,08/02/2026 16:04
8f59809e-e1bd-45ef-baaf-385e10528b3c,gas.engineer,premium,72,25,3,,,
1b2511f0-436e-4828-adaa-5cb6c300d4bd,gas.engineering,premium,72,25,3,,,
dff80a73-82d4-42ed-a188-e0e89c4350e5,gas.enterprises,available,72,25,3,,,
42f4c90e-2f98-49a4-b6a3-189540d6286d,gas.equipment,premium,72,25,3,,,
d0517bf7-f291-4b05-8dec-d8bdc5b22fa7,gas.esq,premium,72,25,3,,,
d0978473-1325-41af-8e7d-4214fea6342e,gas.estate,resell,72,25,3,"GoDaddy.com, LLC",11/08/2024 00:04,11/08/2026 00:04
c6b85cfe-4d9a-44ef-a0ad-f689b6e80620,gas.events,premium,72,25,3,,,
53faa2f3-f2c1-4ed1-94fd-cd9158244e2c,gas.expert,premium,72,25,3,,,
f9ad32c8-7891-41e5-8bb6-cb273b100914,gas.exposed,premium,72,25,3,,,
3ab7413c-7476-457d-a561-a616e4d7c509,gas.express,premium,72,25,3,,,
ea598bef-e9bf-471f-9ea9-26195468a175,gas.faith,premium,72,25,3,,,
a71bd63c-19f1-4da2-b3a1-dc23729f42ac,gas.family,available,72,25,3,,,
c9a853ea-0dd3-4e32-8ea8-d33fa8c54139,gas.fan,premium,72,25,3,,,
0c6400f9-198c-4950-91a5-d9f7d5662381,gas.fans,premium,72,25,3,,,
8c214e9c-8850-469d-93c1-74509bd61e91,gas.farm,resell,72,25,3,"GoDaddy.com, LLC",22/07/2014 17:00,22/07/2026 17:00
595fca9d-c94d-4e20-8470-9343d4ce14ff,gas.fashion,premium,72,25,3,,,
b420f2ff-af34-4290-847d-61da5fd48756,gas.fast,premium,72,25,3,,,
c09fbd38-5138-4edd-a0bc-a48434b854cd,gas.feedback,premium,72,25,3,,,
83a7107a-a3a6-46d9-945f-dda31376bd7b,gas.film,premium,72,25,3,,,
55aecd42-d281-44d9-8d37-1c2c8b9bb30f,gas.financial,premium,72,25,3,,,
c33a93c6-5e35-45a1-a48c-03640c133bc1,gas.fish,sold,72,25,3,GNAME.COM PTE. LTD.,20/10/2025 11:40,20/10/2026 11:40
dd3f2140-078e-4047-9ce6-4405380c0fad,gas.fishing,premium,72,25,3,,,
52d77cb4-51cf-42e6-815f-3190c5b2b745,gas.fitness,premium,72,25,3,,,
9c173f99-37ae-4d91-af44-231c63ad7f49,gas.florist,available,72,25,3,,,
781c11fc-79c0-4f8f-b230-2088c089653d,gas.flowers,available,72,25,3,,,
db7ef314-5a05-4510-8a26-85bca40d7567,gas.fm,resell,72,25,3,Namecheap,18/09/2023 21:50,18/09/2026 23:59
0a4e2061-d1eb-45e3-9cb0-e2595eb4fbf8,gas.foo,premium,72,25,3,,,
5d2099be-0f9c-432b-8656-435b913337b3,gas.food,premium,72,25,3,,,
f85d0eff-6687-4461-b104-e5b78e86a792,gas.football,available,72,25,3,,,
2ef905ab-dbcd-496c-943b-9f1f4c4e5d6d,gas.forsale,resell,72,25,3,"NameCheap, Inc.",06/06/2024 16:59,06/06/2026 16:59
338cd98f-359c-4f62-9429-67b275fa467d,gas.forum,premium,72,25,3,,,
60635735-e1fb-434f-99e9-f072b37bae4a,gas.foundation,resell,72,25,3,"Sav.com, LLC",11/04/2025 01:50,11/04/2026 01:50
8f0ae788-3166-4e4c-af07-6a0133a6ded8,gas.free,premium,72,25,3,,,
ec7ba76c-c35d-46a8-a52b-982875f56a90,gas.fun,premium,72,25,3,,,
20a12688-ce40-4405-a80f-c2b5b437657f,gas.furniture,available,72,25,3,,,
59ff8235-5195-4845-8f3c-2fd7b3aece43,gas.futbol,available,72,25,3,,,
3b24c303-5ecd-4564-b591-1abb77b356ab,gas.fyi,sold,72,25,3,Squarespace Domains II LLC,13/09/2019 10:38,13/09/2026 10:38
00aa4afc-3e7e-40a8-845f-7252bb0bb1e1,gas.game,available,72,25,3,,,
2ba726fe-be5e-4aa8-be0f-eb6f523fcf7a,gas.garden,premium,72,25,3,,,
9df41615-3561-4cd4-9f28-c882910dc8c4,gas.gay,premium,72,25,3,,,
7eae37ab-24b2-4592-8497-7c463ebce118,gas.gifts,premium,72,25,3,,,
b43ad50b-064f-414d-859f-01b0fe60ac0c,gas.gives,available,72,25,3,,,
3307631b-e607-41b1-bd70-665c90c8b832,gas.giving,available,72,25,3,,,
2345f248-ab17-4065-8855-013d8dc0cc70,gas.global,premium,72,25,3,,,
1c0cb7e1-b4dd-4b51-981c-abf5cac98a4c,gas.gmbh,sold,72,25,3,Cronon GmbH,25/09/2021 07:28,25/09/2026 07:28
a7e16780-722b-43bc-a18a-d2188ac2252c,gas.gold,resell,72,25,3,"DNSPod, Inc.",08/05/2018 23:17,08/05/2026 23:17
a35179d9-d60f-4d37-bade-a6bcf789ffae,gas.golf,expiring,72,25,3,"NameCheap, Inc.",24/12/2021 07:07,24/12/2025 07:07
35bacb89-2a64-49af-bd9c-973b4ee1d59b,gas.graphics,premium,72,25,3,,,
d58471e7-fec5-44ce-8f98-93dc262b9aac,gas.gratis,premium,72,25,3,,,
e7281568-a712-4e72-b2c2-e0ec897eabd5,gas.green,premium,72,25,3,,,
75214789-08a4-4958-9430-0fa8bb653b60,gas.gripe,premium,72,25,3,,,
e816f5a6-3f75-456f-80c4-599a544207f4,gas.group,resell,72,25,3,Alibaba Cloud Computing Ltd. d/b/a HiChina (www.net.cn),25/08/2023 15:15,25/08/2028 15:15
3bf2242d-edce-4815-adef-60b3b948bff7,gas.guitars,available,72,25,3,,,
63d6b8fc-ccbc-45f0-9436-2b6860f2badd,gas.guru,premium,72,25,3,,,
fedd1b6a-3f86-4836-a12f-952330c43f71,gas.haus,available,72,25,3,,,
712f7a5e-fc03-41b5-bc07-d6be9defda56,gas.health,premium,72,25,3,,,
aa265e3e-4cee-4ab8-b191-c5bea06e32d4,gas.healthcare,premium,72,25,3,,,
ae158924-0d33-44a6-ac03-31a9f97d897c,gas.help,premium,72,25,3,,,
80f84a5f-b9a4-494a-82ca-d46fe3c24a82,gas.hiphop,premium,72,25,3,,,
30e17966-b517-4f05-a074-23b02741d822,gas.hiv,available,72,25,3,,,
e5fa90d6-d12e-4b93-97cd-159b1ef5880e,gas.hockey,available,72,25,3,,,
daf5a5f0-982c-46c9-9e43-2f4c780a4f50,gas.holdings,premium,72,25,3,,,
fc5b088b-c020-4e59-aa03-4f7ceaf8067c,gas.holiday,available,72,25,3,,,
82dcae42-cb46-4459-acbd-93708e66819e,gas.homes,resell,72,25,3,"Spaceship, Inc.",07/05/2025 09:02,07/05/2026 23:59
63031798-4d0f-47c1-8f8a-26b7d2e81a75,gas.horse,premium,72,25,3,,,
8bdc140d-b30e-475e-a3e8-79712f03c1d6,gas.hospital,available,72,25,3,,,
33f842b1-d580-4daa-afc4-1f758c0b1eb9,gas.host,premium,72,25,3,,,
726d3da1-d07e-4290-97ef-2cf584c984cd,gas.hosting,available,72,25,3,,,
6f0be3e6-7f5f-4548-ab38-c5f1da0311f3,gas.hot,premium,72,25,3,,,
8fc17142-4eab-40a1-aebe-4b057b1f55ff,gas.how,premium,72,25,3,,,
cc258d5e-20f7-46f4-a649-a90bbb6403db,gas.icu,premium,72,25,3,,,
a172c73c-2a1e-4096-9803-638fe7b2bb0b,gas.im,premium,72,25,3,,,
b6f166ee-b3ae-4227-9bbb-2407ad9c05ca,gas.immo,available,72,25,3,,,
cb2da7a5-daf2-4265-a929-f1f7fac1cb1e,gas.immobilien,available,72,25,3,,,
9d6e704f-91dc-4f04-a272-73153d1706ad,gas.in,resell,72,25,3,Endurance Digital Domain Technology Private Limited,16/02/2005 06:34,16/02/2026 06:34
1e5e93f3-212c-4d80-9b78-1122796a0d47,gas.inc,premium,72,25,3,,,
6d72e3ce-3ec8-481c-a885-39179a0a70d4,gas.industries,premium,72,25,3,,,
726001fa-e223-4120-b5ed-9c9d1cd4ac0b,gas.ing,premium,72,25,3,,,
9a39b57d-afc1-41bd-9775-f3ae66b5415d,gas.ink,resell,72,25,3,"Automattic, Inc",25/08/2021 00:32,25/08/2026 23:59
47cc0ad6-defd-483e-b039-034c772ad437,gas.institute,premium,72,25,3,,,
6fc8c58e-8766-4684-aa41-75bacb8a8f5b,gas.insure,available,72,25,3,,,
73fafcbb-2d18-4156-8ed1-02828ecacce8,gas.investments,premium,72,25,3,,,
96a06bb9-4170-471e-8cf6-a9b285b82348,gas.irish,available,72,25,3,,,
9874406c-76df-411d-ae97-497a275ef9be,gas.jewelry,available,72,25,3,,,
cde3f955-e673-478d-9fb4-cc8158057491,gas.juegos,available,72,25,3,,,
ecc68c99-9038-47bb-a3a6-586a17ed5454,gas.kids,premium,72,25,3,,,
3d9f92c0-b7a2-4331-95d6-664c8b684fcd,gas.kim,premium,72,25,3,,,
b578aa0f-2f73-4854-92fb-d8f767d692ba,gas.kitchen,available,72,25,3,,,
d5a20ef2-e735-45f7-b44c-db6105d168fb,gas.la,resell,72,25,3,LA Domain Names,29/11/2023 10:05,29/11/2026 23:59
6f747bdb-0dd3-41db-96c5-431401d92d67,gas.lat,premium,72,25,3,,,
e74e2530-6ae5-4f75-90a3-b43f42591a87,gas.lawyer,premium,72,25,3,,,
61b36240-036d-4ebf-b2b0-20426d75308e,gas.lease,available,72,25,3,,,
352a7e0a-e810-4796-8fc7-924a3f8b9a8b,gas.lgbt,available,72,25,3,,,
6a90e4e8-7b12-4f99-959e-97b60e985b70,gas.life,sold,72,25,3,"Sav.com, LLC - 7",18/08/2022 13:15,18/08/2026 13:15
aba5c79a-7ae1-4e66-9948-f8a19078400e,gas.lifestyle,premium,72,25,3,,,
c2af6bc0-1f94-49a7-a67e-563f257c8ec6,gas.lighting,sold,72,25,3,Dynadot Inc,27/03/2021 03:12,27/03/2026 03:12
72090805-041c-429a-9bc1-95bbfba19293,gas.limo,available,72,25,3,,,
371bae2e-378a-4fe4-8e83-0dac46f5c3b4,gas.link,premium,72,25,3,,,
655f5f91-4c1e-4778-a41a-7ec81fe0020c,gas.living,premium,72,25,3,,,
bd8313e2-0e08-443c-8261-1b489a385718,gas.llc,premium,72,25,3,,,
214286d3-a391-48da-9792-dba9b013315c,gas.loan,premium,72,25,3,,,
7bb90bbb-d798-44f4-83ce-7388589fcea0,gas.loans,available,72,25,3,,,
704c49cf-a2c5-448e-8979-698ae4a9f81b,gas.locker,premium,72,25,3,,,
c3de7c98-1951-482a-8ec3-7415823b0280,gas.london,premium,72,25,3,,,
568ab833-7bcc-487c-9cb9-ed9d25c4044d,gas.love,premium,72,25,3,,,
24ab3ed4-7632-4926-b9ed-3eb66924b55d,gas.ltd,resell,72,25,3,"Xiamen ChinaSource Internet Service Co., Ltd",06/09/2018 23:24,06/09/2029 23:24
78955248-67e6-42d9-8a2c-47e85200df0b,gas.ltda,available,72,25,3,,,
b3d619d9-11fa-4966-8dc3-c5ed985285e1,gas.luxe,premium,72,25,3,,,
3c0eb3e8-9d49-47c3-ba02-13e36906cb74,gas.luxury,available,72,25,3,,,
8fbd9d4a-f86b-409b-807e-92c0f5cafa1f,gas.maison,available,72,25,3,,,
7a682b92-896b-4c76-9a3c-4e3453daceb4,gas.makeup,available,72,25,3,,,
7b03fce8-c990-4f78-aa3e-e16b58bc73f1,gas.management,available,72,25,3,,,
e1f5bb76-a019-4a8b-a7f1-e77768aa5772,gas.mba,available,72,25,3,,,
12341024-0404-4871-9741-210d7ed7e115,gas.melbourne,premium,72,25,3,,,
1bc26754-ca3c-492a-9e85-51c600a235a9,gas.meme,premium,72,25,3,,,
f763e7e1-1760-4968-b645-077acab1c092,gas.memorial,premium,72,25,3,,,
7e127009-dd9e-454b-98dd-5e97806bc0d4,gas.men,premium,72,25,3,,,
29662478-cd3a-45f2-be4d-6daf18530070,gas.menu,premium,72,25,3,,,
48a73df2-f445-46ed-8b40-958e33c33bb7,gas.moda,available,72,25,3,,,
49eba417-24fe-4e19-9d8f-b80179a7f676,gas.moe,premium,72,25,3,,,
9e47f081-2915-4076-8e90-e82fd2a6812e,gas.mom,sold,72,25,3,"Spaceship, Inc.",21/10/2025 02:43,21/10/2026 23:59
9a9f207d-2454-4a6d-a169-0b440da6805a,gas.money,resell,72,25,3,"Spaceship, Inc.",08/01/2017 22:38,08/01/2026 22:38
80b6d780-01d5-43f7-8a1c-93473649329a,gas.monster,resell,72,25,3,"Spaceship, Inc.",10/10/2025 00:17,10/10/2026 23:59
ff329bdb-b898-4cdf-87f9-1a9007b2b7c2,gas.mortgage,available,72,25,3,,,
385ec42b-8905-48a5-999b-c90545a57b08,gas.motorcycles,available,72,25,3,,,
6f3fd6b7-ee36-4ab8-820a-d64cce45faed,gas.mov,premium,72,25,3,,,
03e83a6b-be3a-40e8-8ad7-007ba19c575c,gas.movie,available,72,25,3,,,
944e9866-fb99-4e52-b13a-b049ea849de9,gas.music,premium,72,25,3,,,
380cd883-e17d-49e1-9795-f10569e1525d,gas.mx,resell,72,25,3,NEUBOX Internet SA de CV,31/05/2009 00:00,30/05/2026 00:00
d2384208-6687-4c45-bfdd-72f55dffe732,gas.navy,available,72,25,3,,,
66e0001f-e3c8-4d61-b410-10a46560f104,gas.nexus,premium,72,25,3,,,
5881b0a5-e982-4a03-a7e4-6ee073b7333a,gas.ngo,premium,72,25,3,,,
60be50a5-af1e-4443-b047-6679671c87bb,gas.ninja,sold,72,25,3,Dynadot Inc,13/08/2021 06:07,13/08/2026 06:07
b2c010c7-8f84-4d66-85df-a1c52ad4bbd8,gas.observer,premium,72,25,3,,,
b2f5bdbd-41ea-4b7d-aebb-78a0829cf7ca,gas.one,premium,72,25,3,,,
fdd768fb-6f67-4e49-b676-1239d74a8113,gas.ong,premium,72,25,3,,,
c5ea8d76-7d89-46db-887e-8aa43722443d,gas.online,premium,72,25,3,,,
738a6abc-ca15-4970-9842-e2218126496d,gas.ooo,available,72,25,3,,,
57cd0a0e-1ebc-4bed-a09f-cd4838539828,gas.organic,available,72,25,3,,,
66593adf-ed9d-444c-95c4-4a3f56b6cc16,gas.osaka,premium,72,25,3,,,
b88c4d35-d6fb-408e-974b-f21d9d520f94,gas.page,premium,72,25,3,,,
f833d506-6e9f-4656-afaa-94c4b38c7532,gas.partners,premium,72,25,3,,,
27261435-e62f-40da-854c-7bda1295618b,gas.parts,premium,72,25,3,,,
d14d3918-bee7-4714-b509-cabbc0e43577,gas.party,premium,72,25,3,,,
c621b368-f88a-42b1-8c13-dde5cf98dd07,gas.phd,premium,72,25,3,,,
affdbd24-752a-4f19-9c18-72f57bf40339,gas.photo,premium,72,25,3,,,
23958797-4a42-4650-b216-164f4676b918,gas.photography,premium,72,25,3,,,
7dea1262-2958-44ce-8e1d-69e05d274390,gas.photos,available,72,25,3,,,
3f37c0e1-f673-4c89-b0e3-46e81e983ae3,gas.pics,resell,72,25,3,Dynadot LLC,23/07/2025 21:15,23/07/2026 23:59
10fcf314-1f77-4f1a-a2bb-865e40725658,gas.pictures,premium,72,25,3,,,
49f4ee55-3bfa-45ca-beeb-2b64e6404c54,gas.pink,available,72,25,3,,,
c6642971-52da-404b-86d3-ca66f9dac7b4,gas.place,premium,72,25,3,,,
d0713185-6d2e-493a-a679-f5c8f7d8717f,gas.plumbing,available,72,25,3,,,
8a8ef26c-b305-4d68-9345-bc6b84dbd84d,gas.poker,resell,72,25,3,"NameCheap, Inc.",15/07/2025 18:24,15/07/2026 18:24
678684b5-ea16-4b8e-a72d-21acea4644be,gas.porn,available,72,25,3,,,
bef63c82-4203-4fb8-8b10-a33cd8d6a799,gas.press,premium,72,25,3,,,
0afefb96-ece7-4f7c-bcb6-c3e6b275b622,gas.pro,premium,72,25,3,,,
b8a4d8e0-fdbd-4d24-b73c-becc8491142a,gas.productions,premium,72,25,3,,,
90e8916e-2a22-465d-9c64-0640a2c4c135,gas.prof,premium,72,25,3,,,
e8ab8a46-9395-470c-bc06-20cd0c67dff2,gas.promo,premium,72,25,3,,,
c6a5644f-6bd5-42e8-9d81-c6856304a73e,gas.properties,premium,72,25,3,,,
ebb5e418-c144-4444-98d7-af292a6ef36f,gas.property,premium,72,25,3,,,
2d71d90d-e9ea-4d60-9a20-f8cf030c66ec,gas.protection,available,72,25,3,,,
e85de788-0fe9-4726-8e70-c7a9fdd5b2bd,gas.pw,premium,72,25,3,,,
a2046c8d-bd0a-48ac-b52c-41a578cbacd5,gas.qpon,available,72,25,3,,,
0d684e88-f217-432a-b231-347a62f755e1,gas.racing,premium,72,25,3,,,
5e04bc99-694d-4e0b-aeed-e7e1026871a1,gas.realty,premium,72,25,3,,,
86572d8f-ddfd-4c45-9a5c-b54c08c7bf29,gas.recipes,available,72,25,3,,,
bb9e9549-9461-43ff-a910-679a9eb76389,gas.red,resell,72,25,3,"Spaceship, Inc.",27/01/2025 03:21,27/01/2026 03:21
5f09d254-fa28-4e7b-8100-03e8784ae486,gas.rehab,available,72,25,3,,,
daad46c4-b99a-45c4-9bf8-45670de7d90a,gas.reise,available,72,25,3,,,
aca89ab0-051a-4d3d-931d-382f41b3b82e,gas.reisen,premium,72,25,3,,,
33be5780-4da3-401f-899f-7f5d30039e43,gas.rent,sold,72,25,3,Alibaba Cloud Computing Ltd. d/b/a HiChina (www.net.cn),23/11/2024 15:16,23/11/2026 23:59
14f7649a-49f6-49ed-8d60-5c389d77f359,gas.rentals,premium,72,25,3,,,
6655005d-6641-423a-899c-8c38abba5674,gas.republican,available,72,25,3,,,
8abc2606-c44a-4ad7-96ae-9c8f478dff42,gas.rest,premium,72,25,3,,,
9a27475b-1ace-4629-9e07-6e5e628bc9fe,gas.restaurant,premium,72,25,3,,,
ec1fa9ca-b350-4fbd-bf61-bdebc8e0e049,gas.review,premium,72,25,3,,,
14ca00c0-d977-40f1-b95b-ffff5fce7d1b,gas.reviews,premium,72,25,3,,,
42094a1c-7743-47dc-9f12-166a27964434,gas.rich,available,72,25,3,,,
648c64d6-04ee-4c1f-8cd1-3304c0482e71,gas.rocks,resell,72,25,3,"Network Solutions, LLC",02/12/2024 18:45,02/12/2025 18:45
b0925971-5fa2-4d85-a6d1-4c0c07d1b73a,gas.rodeo,premium,72,25,3,,,
198f58fa-f6bd-44cd-b3de-0b3483480bcb,gas.rsvp,premium,72,25,3,,,
6644be96-5df0-4f25-bbe4-87eb4532276a,gas.sale,resell,72,25,3,"Sav.com, LLC",07/11/2024 11:21,07/11/2026 11:21
4ce6910d-31c7-403c-a794-def3a1a72b35,gas.salon,available,72,25,3,,,
9c0e0ad9-c14b-483b-a04a-dfbb64d1fc8e,gas.sarl,premium,72,25,3,,,
c89a8ee2-cffd-44e5-8ad6-584e1556a7b5,gas.sbs,premium,72,25,3,,,
74f88a58-3d04-4af9-bd65-98053bba336b,gas.school,premium,72,25,3,,,
35ae1ece-8ef5-4d15-9878-134a2e92b2f6,gas.schule,premium,72,25,3,,,
be6c62d4-de67-4886-8f5c-bc48914973ae,gas.science,premium,72,25,3,,,
8809cb27-3b07-4775-b348-c721fe06c2ee,gas.security,available,72,25,3,,,
5896ef0c-bd82-4d64-85d2-827d1da6b898,gas.services,sold,72,25,3,"Global Domains International, Inc. DBA DomainCostClub.com",03/05/2025 15:15,03/05/2026 15:15
afcd22ba-cc2d-40d9-87dc-3fd34335ce37,gas.sexy,premium,72,25,3,,,
74b50290-57f9-46f3-8296-e8bcb220c78b,gas.shiksha,available,72,25,3,,,
55644ee8-8283-4ec6-81d0-f67430769df6,gas.shoes,available,72,25,3,,,
4547f060-2236-42da-aa82-1f4544aa1461,gas.shopping,available,72,25,3,,,
4f4fa51b-da10-4ddd-9ef4-55c689d34be5,gas.show,resell,72,25,3,"Chengdu West Dimension Digital Technology Co., Ltd.",02/02/2018 13:05,02/02/2026 13:05
8e1d5dfb-c7ce-49fb-9c8a-169917d01419,gas.singles,available,72,25,3,,,
2765f249-ea9f-420a-8d63-868ecffae0f7,gas.site,premium,72,25,3,,,
1576745d-d3be-437e-817e-531692cb9356,gas.ski,available,72,25,3,,,
8c0a13b9-8017-4976-bb6c-8a7464085bac,gas.skin,available,72,25,3,,,
c0ce1913-f973-43ac-a7a8-ce212a2a73fc,gas.soccer,available,72,25,3,,,
401e46ec-e257-4f5f-a44f-7e566568640a,gas.software,premium,72,25,3,,,
d1a8aa93-1cdd-4aa8-b750-ca84a64a2d4c,gas.solar,resell,72,25,3,"Sav.com, LLC",27/01/2025 15:23,27/01/2026 15:23
02118b22-9633-44c9-9575-7404133c6c1d,gas.solutions,premium,72,25,3,,,
12a41c0f-6da9-4bad-9167-6126563a243a,gas.soy,premium,72,25,3,,,
3b4b2a50-1e4a-4ee1-bf57-ece1f67b1bce,gas.space,premium,72,25,3,,,
49e8c7b7-8ad6-48a5-8a84-3aede5bd89bb,gas.spot,premium,72,25,3,,,
2e35ed31-7e83-4cba-8b77-a7aa3b55305a,gas.storage,available,72,25,3,,,
b7ddaae1-8d87-4cc3-978a-bfe1c60bc611,gas.store,premium,72,25,3,,,
7ae2ed0e-48b4-4db2-9bc5-b748e3243e8f,gas.stream,premium,72,25,3,,,
199a987e-06b4-478d-92d5-a760058474a9,gas.study,premium,72,25,3,,,
2ce084e8-0c6d-4dc7-8d86-4b1a19f701a7,gas.style,premium,72,25,3,,,
dfca78f8-b39c-450d-9786-3f23905a5b26,gas.sucks,premium,72,25,3,,,
6371253b-0977-4bf0-90e9-2d7a14efd48f,gas.supply,premium,72,25,3,,,
9657db1f-36f8-46c1-b394-f1467d55b830,gas.support,premium,72,25,3,,,
9c643d4f-2c34-448f-93c1-1c333481864d,gas.surgery,premium,72,25,3,,,
9108d088-8bbc-402c-9c87-8b7d5649733d,gas.sydney,premium,72,25,3,,,
a62974c3-8bc6-40fa-999d-cdc9656a1fbe,gas.systems,sold,72,25,3,1API GmbH,01/06/2015 11:10,01/06/2026 11:10
b926a793-45dc-4256-88c8-669b8a4ff872,gas.talk,premium,72,25,3,,,
36535e77-bb2e-4b06-89ac-ce8aea85ca7e,gas.tattoo,premium,72,25,3,,,
c59fe927-1a3b-4fea-b931-a94a4b4fbcfb,gas.tax,premium,72,25,3,,,
6c521c27-8107-46db-a8e4-8e696e60baa5,gas.taxi,available,72,25,3,,,
70ce6496-4830-4084-a83b-6bf576452fd3,gas.tech,premium,72,25,3,,,
9e65da9d-3d91-4230-ab8d-275289d7eaf7,gas.technology,premium,72,25,3,,,
1a10777e-1202-4240-b8db-279805e61e10,gas.tennis,available,72,25,3,,,
f335377a-6048-43de-bef5-bd18d7ad3cd5,gas.theater,available,72,25,3,,,
44abcda7-e18a-44c1-9654-ffb1b42df68c,gas.theatre,available,72,25,3,,,
3f8f43f3-69a5-41bb-82fc-640b11f1a77d,gas.tickets,available,72,25,3,,,
f2a58f00-2fb0-4fef-9569-887d213ddf7a,gas.tienda,available,72,25,3,,,
3ad18079-4d14-4bd3-9d42-b54c49d8bfce,gas.top,premium,72,25,3,,,
e76486de-c425-4e9e-a3f0-6beef64d788a,gas.toys,premium,72,25,3,,,
d7edeed9-cac0-470a-a609-a3173550cb0b,gas.trade,premium,72,25,3,,,
b2e4be6b-2601-4879-98c3-2ba3d9753ea8,gas.travel,sold,72,25,3,"GoDaddy.com, LLC",25/11/2025 09:36,25/11/2026 09:36
8bcb8559-417a-4564-9b7f-729c490c0ee1,gas.tube,premium,72,25,3,,,
f7e8ea28-61d6-4ad8-8cc9-cb6cd982b7b5,gas.university,available,72,25,3,,,
2cc7b5ce-42f6-4950-88f8-60a3ba0c50d0,gas.uno,premium,72,25,3,,,
3fabc4ff-f289-43e3-a860-c28d88e810d8,gas.us,resell,72,25,3,"GoDaddy.com, LLC",24/04/2002 14:02,23/04/2026 23:59
3977710f-bc74-4198-93e5-21986e47808d,gas.vacations,premium,72,25,3,,,
bd011859-4a3d-4e6c-8618-be183d6e9af9,gas.vana,premium,72,25,3,,,
9589372b-f2bf-45af-85c8-524e70ac353e,gas.vc,sold,72,25,3,Vautron Rechenzentrum AG,14/09/2010 11:28,14/09/2026 11:28
dd9b9063-5c3e-4043-baaa-4adcc4ed0036,gas.viajes,available,72,25,3,,,
37f76726-0e83-4d96-b56e-502616865d97,gas.villas,available,72,25,3,,,
ec378a21-59f0-4961-a23b-20823a128fbc,gas.vin,available,72,25,3,,,
0d8c2c5f-bccd-4b8a-95bd-693af8f32f12,gas.vision,premium,72,25,3,,,
fbfcd9eb-e223-406e-b0c3-8be10449ee5d,gas.vodka,premium,72,25,3,,,
563d7bb7-eb82-40d6-a8a7-98386bea0616,gas.vote,available,72,25,3,,,
a5e3940b-ab93-468c-b7ae-3a818e26e256,gas.voting,available,72,25,3,,,
e204c432-584d-4126-b22b-915d938774bf,gas.voto,available,72,25,3,,,
baeddf6f-b71b-45aa-8971-fb8f9813690c,gas.voyage,available,72,25,3,,,
ec406bc9-5101-4830-a381-2b15014f8fc3,gas.webcam,premium,72,25,3,,,
89f6c7b8-20c1-4c5a-9a6c-992519702f68,gas.website,premium,72,25,3,,,
04efe6d7-3423-4086-8f31-6f4094b139fc,gas.wedding,premium,72,25,3,,,
ce32ad7e-7b9d-4c15-bf79-2b2c0e7816db,gas.win,premium,72,25,3,,,
72d40957-4d7b-491a-ad4c-dce6074403c4,gas.wine,available,72,25,3,,,